2026-03-14T04:21:59.853+02:00 [INFO] msg="no changes" dur_ms=32 user=u0040 svc=auth method=POST req=r0001403 status=201 path=/token/refresh
2026-03-13T19:19:09.204-05:00 [INFO] method=GET svc=api user=u0033 path=/products req=r0001203 msg="served from cache" dur_ms=34 status=200
2026-03-14T02:20:14.077+02:00 [INFO] path=/products req=r0001392 method=GET msg="completed" user=u0040 svc=api status=200 dur_ms=33
2026-03-14T02:25:31.705+02:00 [INFO] user=u0033 status=304 method=GET svc=search req=r0001204 path=/search msg="served from cache" dur_ms=159
2026-03-14T00:30:01.400Z [INFO] user=u0040 msg="no changes" path=/search dur_ms=104 method=GET status=200 svc=search req=r0001393
2026-03-13T19:16:10.026-05:00 [INFO] method=POST user=u0033 dur_ms=38 svc=api req=r0001202 path=/cart msg="completed" status=200
2026-03-14T06:06:42.429+05:30 [INFO] svc=api status=200 req=r0001394 path=/orders method=GET msg="no changes" dur_ms=175 user=u0040
2026-03-14T00:44:45.055Z [INFO] svc=api msg="ok" path=/cart req=r0001395 user=u0040 dur_ms=89 method=GET status=200
2026-03-14T00:46:06.116Z [ERROR] path=/upload user=u0040 req=r0001396 status=503 method=POST msg="failed to parse \"response\" body" dur_ms=1563 svc=media
2026-03-14T06:17:08.333+05:30 [INFO] path=/suggest user=u0040 msg="no changes" dur_ms=17 status=200 req=r0001397 method=GET svc=search
2026-03-14T01:00:08.585Z [INFO] path=/suggest msg="completed" status=200 req=r0000511 dur_ms=33 user=u0015 method=GET svc=search
2026-03-14T02:01:39.258+01:00 [INFO] status=200 msg="no changes" path=/login dur_ms=84 svc=auth req=r0000512 user=u0015 method=POST
2026-03-14T01:03:35.362Z [INFO] status=200 svc=billing req=r0001206 dur_ms=443 path=/checkout msg="accepted" method=POST user=u0033
2026-03-14T02:05:52.988+01:00 [INFO] user=u0015 path=/checkout status=201 msg="completed" svc=billing req=r0000513 method=POST dur_ms=431
2026-03-14T02:10:12.805+01:00 [INFO] user=u0020 path=/search svc=search msg="no changes" method=GET dur_ms=205 req=r0000684 status=200
2026-03-14T01:13:09.767Z [INFO] path=/thumb status=200 svc=media user=u0033 msg="ok" dur_ms=116 req=r0001207 method=GET
2026-03-14T01:15:32.232Z [INFO] status=200 req=r0000514 svc=auth method=GET dur_ms=22 msg="completed" path=/users/me user=u0015
2026-03-14T02:17:48.290+01:00 [WARN] path=/search status=429 req=r0000515 user=u0015 msg="rate limited" method=GET svc=search dur_ms=426
2026-03-14T01:18:23.243Z [WARN] dur_ms=108 msg="resource not found" user=u0020 svc=api status=404 method=GET path=/products req=r0000685
2026-03-13T20:18:59.694-05:00 [INFO] dur_ms=74 msg="accepted" status=200 user=u0015 path=/orders req=r0000516 method=GET svc=api
2026-03-14T01:22:08.506Z [INFO] dur_ms=655 status=200 method=POST svc=billing user=u0033 req=r0001208 path=/checkout msg="ok"
2026-03-14T01:23:09.899Z [INFO] user=u0020 status=200 msg="served from cache" method=GET svc=api dur_ms=47 req=r0000686 path=/cart
2026-03-14T03:25:51.651+02:00 [INFO] svc=search method=GET path=/search req=r0001398 dur_ms=205 user=u0040 msg="no changes" status=200
2026-03-14T01:26:55.969Z [INFO] svc=search req=r0000517 path=/search status=200 user=u0015 method=GET msg="ok" dur_ms=272
2026-03-14T01:27:39.523Z [INFO] status=200 req=r0001209 dur_ms=47 user=u0033 method=GET msg="no changes" path=/suggest svc=search
2026-03-14T02:15:59.050Z [INFO] user=u0040 status=200 dur_ms=120 path=/products req=r0001402 method=GET svc=api msg="ok"
2026-03-14T01:31:16.721Z [INFO] path=/thumb req=r0000687 dur_ms=109 method=GET msg="completed" user=u0020 svc=media status=200
2026-03-14T02:32:33.515+01:00 [INFO] req=r0000688 user=u0020 dur_ms=136 status=201 method=POST msg="completed" svc=auth path=/login
2026-03-14T02:33:26.331+01:00 [INFO] method=GET status=200 svc=search path=/search dur_ms=205 user=u0024 req=r0000808 msg="ok"
2026-03-14T01:40:34.481Z [INFO] user=u0015 req=r0000519 dur_ms=492 path=/checkout msg="served from cache" svc=billing method=POST status=200
2026-03-13T20:40:52.499-05:00 [INFO] svc=api dur_ms=261 path=/products method=GET status=200 msg="completed" user=u0015 req=r0000520
2026-03-14T02:41:46.325+01:00 [INFO] method=GET svc=api msg="served from cache" user=u0024 req=r0000809 path=/products dur_ms=49 status=200
2026-03-14T02:44:54.649+01:00 [INFO] dur_ms=90 user=u0015 svc=api status=200 msg="served from cache" path=/cart method=GET req=r0000521
2026-03-14T07:20:23.724+05:30 [INFO] status=200 req=r0000810 user=u0024 msg="completed" dur_ms=433 method=GET svc=search path=/search
2026-03-14T01:54:00.435Z [INFO] svc=api dur_ms=57 method=GET req=r0000522 status=200 msg="no changes" user=u0015 path=/products
2026-03-13T20:55:51.651-05:00 [INFO] method=GET msg="served from cache" req=r0001399 user=u0040 dur_ms=43 path=/products svc=api status=200
2026-03-14T01:57:39.523Z [INFO] msg="no changes" user=u0033 dur_ms=202 status=201 method=POST path=/cart req=r0001210 svc=api
2026-03-14T01:59:50.601Z [INFO] status=200 path=/suggest req=r0001211 msg="no changes" dur_ms=23 user=u0033 method=GET svc=search
2026-03-13T21:00:25.332-05:00 [INFO] method=GET msg="no changes" path=/suggest user=u0040 status=200 req=r0001400 dur_ms=18 svc=search
2026-03-14T02:02:33.515Z [INFO] status=200 user=u0020 path=/products svc=api req=r0000689 msg="completed" dur_ms=205 method=GET
2026-03-13T21:06:20.250-05:00 [INFO] dur_ms=159 msg="ok" status=200 svc=api req=r0001401 path=/orders user=u0040 method=GET
2026-03-14T02:06:59.861Z [INFO] user=u0033 req=r0001212 msg="served from cache" svc=auth status=200 dur_ms=120 path=/login method=POST
2026-03-14T02:11:53.153Z [INFO] dur_ms=123 status=200 svc=api msg="ok" path=/cart req=r0000690 user=u0020 method=GET
2026-03-14T03:31:06.630+02:00 [INFO] method=POST user=u0015 path=/payments svc=billing status=200 dur_ms=131 msg="served from cache" req=r0000518
2026-03-14T02:16:11.996Z [INFO] msg="accepted" method=GET status=304 dur_ms=70 path=/orders svc=api user=u0020 req=r0000691
2026-03-14T02:20:23.724Z [INFO] msg="completed" req=r0000811 method=POST path=/checkout user=u0024 dur_ms=337 status=200 svc=billing
2026-03-14T02:33:35.362+02:00 [INFO] req=r0001205 msg="completed" dur_ms=20 svc=auth status=200 path=/users/me user=u0033 method=GET
2026-03-14T02:26:04.829Z [INFO] status=201 path=/token/refresh msg="served from cache" method=POST req=r0000692 dur_ms=54 user=u0020 svc=auth
2026-03-14T02:27:16.102Z [INFO] svc=media method=GET path=/thumb status=200 msg="ok" dur_ms=29 req=r0000950 user=u0027
2026-03-14T02:28:36.677Z [WARN] dur_ms=44 msg="invalid parameter" req=r0001404 method=GET path=/users/me svc=auth status=404 user=u0040
2026-03-14T02:29:49.608Z [INFO] dur_ms=123 path=/login req=r0000693 status=201 svc=auth msg="completed" user=u0020 method=POST
2026-03-14T02:30:38.745Z [INFO] user=u0027 method=GET dur_ms=345 svc=search req=r0000951 status=200 msg="served from cache" path=/search
2026-03-14T03:33:40.655+01:00 [INFO] dur_ms=507 req=r0001405 method=POST path=/checkout user=u0040 svc=billing msg="ok" status=201
2026-03-14T02:33:47.446Z [INFO] status=200 req=r0000694 path=/suggest msg="ok" method=GET dur_ms=28 svc=search user=u0020
2026-03-14T03:35:46.689+01:00 [INFO] user=u0040 msg="no changes" method=GET svc=api path=/orders status=200 req=r0001406 dur_ms=115
2026-03-14T02:38:31.853Z [INFO] svc=api msg="served from cache" user=u0027 status=200 path=/cart req=r0000952 dur_ms=26 method=GET
2026-03-14T02:40:05.481Z [INFO] user=u0020 status=200 svc=api req=r0000695 path=/products method=GET dur_ms=149 msg="served from cache"
2026-03-14T02:40:09.087Z [INFO] user=u0040 path=/token/refresh method=POST status=200 dur_ms=28 msg="accepted" svc=auth req=r0001407
2026-03-14T08:12:18.458+05:30 [INFO] svc=auth status=200 user=u0027 msg="accepted" path=/token/refresh dur_ms=31 method=POST req=r0000953
2026-03-14T02:45:32.494Z [INFO] status=200 svc=auth msg="accepted" method=GET path=/users/me user=u0020 req=r0000696 dur_ms=12
2026-03-13T21:47:18.233-05:00 [INFO] req=r0001408 status=200 dur_ms=67 path=/cart msg="accepted" user=u0040 method=POST svc=api
2026-03-14T02:47:28.196Z [INFO] svc=search req=r0000954 path=/suggest status=200 msg="accepted" user=u0027 dur_ms=30 method=GET
2026-03-14T02:48:26.676Z [INFO] dur_ms=154 status=200 method=POST req=r0001409 svc=billing path=/checkout user=u0040 msg="no changes"
2026-03-14T02:51:26.713Z [ERROR] status=503 user=u0020 req=r0000697 svc=auth msg="connection reset by peer" dur_ms=464 path=/token/refresh method=POST
2026-03-14T02:51:45.600Z [INFO] dur_ms=86 user=u0020 path=/products svc=api req=r0000698 method=GET status=200 msg="completed"
2026-03-14T02:54:12.987Z [INFO] msg="no changes" dur_ms=65 svc=api method=GET user=u0040 req=r0001410 status=200 path=/cart
2026-03-14T02:54:34.253Z [INFO] status=201 method=POST path=/login msg="served from cache" req=r0000567 svc=auth user=u0017 dur_ms=70
2026-03-14T03:55:15.030+01:00 [INFO] req=r0000955 msg="served from cache" user=u0027 path=/cart dur_ms=103 svc=api method=POST status=200
2026-03-14T02:57:28.213Z [INFO] svc=billing status=200 req=r0000699 dur_ms=90 user=u0020 path=/checkout msg="ok" method=POST
2026-03-14T03:00:10.138Z [INFO] msg="ok" method=GET dur_ms=86 path=/invoices req=r0000812 user=u0024 svc=billing status=200
2026-03-14T04:00:26.968+01:00 [INFO] msg="no changes" user=u0020 method=POST status=200 svc=auth path=/token/refresh req=r0000700 dur_ms=23
2026-03-14T05:00:56.059+02:00 [INFO] method=POST user=u0017 path=/checkout req=r0000568 status=200 svc=billing dur_ms=341 msg="no changes"
2026-03-14T03:01:25.571Z [INFO] path=/token/refresh svc=auth method=POST user=u0024 msg="served from cache" req=r0000813 dur_ms=31 status=200
2026-03-13T22:01:41.096-05:00 [INFO] path=/token/refresh req=r0000956 msg="ok" dur_ms=68 method=POST svc=auth status=201 user=u0027
2026-03-14T03:05:48.323Z [INFO] msg="ok" method=GET dur_ms=322 svc=search user=u0024 req=r0000814 status=200 path=/search
2026-03-14T03:08:06.755Z [INFO] status=200 dur_ms=276 method=GET path=/search msg="accepted" svc=search user=u0015 req=r0000523
2026-03-13T22:10:07.599-05:00 [INFO] msg="no changes" path=/orders dur_ms=79 status=200 req=r0000569 method=GET svc=api user=u0017
2026-03-14T03:10:14.125Z [INFO] user=u0020 msg="ok" req=r0000701 path=/users/me method=GET svc=auth dur_ms=14 status=200
2026-03-14T03:10:36.563Z [ERROR] method=GET req=r0000524 status=503 path=/invoices dur_ms=670 msg="upstream timeout after 3 retries" svc=billing user=u0015
2026-03-14T05:28:40.571Z [INFO] path=/products status=200 user=u0029 svc=api method=GET msg="completed" dur_ms=183 req=r0001045
2026-03-14T03:11:41.277Z [INFO] dur_ms=114 user=u0020 status=200 msg="ok" req=r0000702 svc=billing method=GET path=/invoices
2026-03-14T05:13:15.631+02:00 [WARN] status=429 method=POST svc=media dur_ms=462 path=/upload req=r0000815 user=u0024 msg="rate limited"
2026-03-14T03:13:56.136Z [INFO] dur_ms=34 req=r0001213 path=/products status=200 method=GET svc=api user=u0033 msg="ok"
2026-03-14T03:14:28.263Z [INFO] status=200 svc=auth method=GET msg="ok" req=r0000570 dur_ms=29 user=u0017 path=/users/me
2026-03-13T22:17:12.903-05:00 [INFO] dur_ms=46 method=GET svc=auth user=u0027 status=200 path=/users/me req=r0000958 msg="accepted"
2026-03-14T03:18:04.193Z [INFO] user=u0033 method=GET dur_ms=53 path=/cart req=r0001214 status=200 svc=api msg="served from cache"
2026-03-14T03:18:47.868Z [INFO] svc=api path=/products method=GET req=r0000525 user=u0015 msg="completed" status=304 dur_ms=240
2026-03-13T22:19:26.520-05:00 [INFO] method=GET svc=billing msg="served from cache" path=/invoices dur_ms=212 user=u0027 req=r0000959 status=200
2026-03-14T03:19:28.308Z [WARN] req=r0000571 method=GET path=/suggest svc=search msg="invalid parameter" status=429 dur_ms=63 user=u0017
2026-03-14T03:21:34.530Z [INFO] msg="completed" req=r0000703 dur_ms=58 user=u0020 svc=api path=/cart status=200 method=GET
2026-03-14T03:23:32.937Z [INFO] status=200 path=/search user=u0015 svc=search dur_ms=694 msg="completed" method=GET req=r0000526
2026-03-14T03:25:43.048Z [INFO] req=r0000527 msg="no changes" user=u0015 method=GET dur_ms=422 svc=search path=/search status=200
2026-03-14T05:26:45.840+02:00 [INFO] method=GET user=u0020 msg="accepted" dur_ms=98 path=/orders svc=api status=200 req=r0000704
2026-03-14T04:27:11.508+01:00 [INFO] path=/invoices msg="completed" dur_ms=210 status=200 user=u0017 method=GET svc=billing req=r0000572
2026-03-14T03:27:40.451Z [INFO] req=r0001327 user=u0037 status=200 method=POST path=/token/refresh dur_ms=39 msg="accepted" svc=auth
2026-03-14T03:27:58.285Z [WARN] msg="client sent malformed \"payload\"" method=GET dur_ms=69 svc=auth status=404 user=u0033 path=/users/me req=r0001215
2026-03-14T03:28:32.793Z [INFO] user=u0027 svc=api method=GET req=r0000960 dur_ms=152 msg="served from cache" status=200 path=/products
2026-03-14T03:32:27.733Z [INFO] path=/invoices msg="completed" svc=billing req=r0000573 dur_ms=86 status=200 user=u0017 method=GET
2026-03-14T03:33:15.175Z [INFO] method=POST path=/payments req=r0000528 dur_ms=165 svc=billing msg="ok" status=200 user=u0015
2026-03-14T04:33:24.865+01:00 [INFO] path=/orders user=u0020 method=GET status=200 dur_ms=350 svc=api msg="ok" req=r0000705
2026-03-14T03:33:47.739Z [INFO] dur_ms=55 req=r0000961 method=GET svc=api user=u0027 path=/cart status=200 msg="completed"
2026-03-14T03:34:22.254Z [WARN] svc=api user=u0037 path=/cart method=POST dur_ms=83 req=r0001328 msg="invalid parameter" status=400
2026-03-14T05:35:10.187+02:00 [INFO] msg="no changes" req=r0001216 path=/orders svc=api status=200 user=u0033 dur_ms=82 method=GET
2026-03-14T03:36:15.747Z [INFO] path=/login svc=auth method=POST dur_ms=77 req=r0000529 msg="ok" user=u0015 status=200
2026-03-14T03:38:00.011Z [INFO] status=200 svc=api req=r0000574 msg="completed" method=GET path=/cart dur_ms=103 user=u0017
2026-03-14T03:38:43.391Z [INFO] path=/search status=304 req=r0000530 dur_ms=297 method=GET svc=search user=u0015 msg="ok"
2026-03-14T03:41:20.298Z [INFO] dur_ms=27 req=r0000575 method=GET svc=auth msg="completed" path=/users/me user=u0017 status=200
2026-03-14T03:41:32.195Z [INFO] user=u0037 req=r0001329 svc=auth status=201 path=/login method=POST dur_ms=106 msg="no changes"
2026-03-14T03:41:54.786Z [INFO] user=u0027 path=/products method=GET req=r0000962 msg="no changes" status=200 dur_ms=131 svc=api
2026-03-14T05:18:01.956Z [INFO] svc=search status=200 req=r0000112 path=/suggest user=u0003 method=GET msg="completed" dur_ms=44
2026-03-14T03:43:45.235Z [INFO] method=GET svc=api status=200 req=r0000963 msg="no changes" path=/orders user=u0027 dur_ms=65
2026-03-14T03:45:49.803Z [INFO] svc=search req=r0000576 dur_ms=21 msg="accepted" path=/suggest status=200 method=GET user=u0017
2026-03-14T03:45:52.815Z [INFO] dur_ms=51 svc=api req=r0000577 path=/cart msg="completed" status=200 user=u0017 method=GET
2026-03-14T03:48:06.395Z [INFO] status=200 msg="completed" dur_ms=68 req=r0000578 user=u0017 method=GET svc=api path=/cart
2026-03-14T05:48:19.993+02:00 [WARN] msg="invalid parameter" dur_ms=90 status=404 req=r0000964 path=/orders method=GET svc=api user=u0027
2026-03-13T22:48:21.514-05:00 [INFO] req=r0000965 method=GET path=/products dur_ms=88 svc=api msg="completed" user=u0027 status=200
2026-03-14T09:20:23.928+05:30 [INFO] msg="completed" req=r0000103 dur_ms=100 svc=api method=GET user=u0003 status=200 path=/orders
2026-03-14T03:50:43.310Z [INFO] msg="no changes" req=r0001218 dur_ms=188 status=200 svc=search user=u0033 path=/search method=GET
2026-03-14T05:50:57.614+02:00 [INFO] svc=api method=GET dur_ms=113 path=/orders user=u0037 msg="ok" req=r0001330 status=200
2026-03-14T09:21:27.998+05:30 [INFO] method=GET req=r0000966 dur_ms=36 user=u0027 path=/users/me svc=auth status=200 msg="served from cache"
2026-03-14T03:56:42.033Z [WARN] method=POST path=/login req=r0001219 msg="invalid parameter" svc=auth dur_ms=236 status=404 user=u0033
2026-03-14T05:57:05.190+02:00 [INFO] method=POST path=/checkout req=r0001331 dur_ms=519 status=201 user=u0037 svc=billing msg="accepted"
2026-03-14T04:00:36.187Z [INFO] path=/cart svc=api user=u0027 status=200 req=r0000967 method=POST msg="served from cache" dur_ms=49
2026-03-14T04:01:59.795Z [INFO] msg="no changes" req=r0001332 path=/products status=304 user=u0037 svc=api method=GET dur_ms=143
2026-03-14T04:06:05.673Z [INFO] path=/orders svc=api method=GET user=u0033 msg="accepted" req=r0001220 status=200 dur_ms=102
2026-03-14T07:53:55.797Z [INFO] msg="no changes" user=u0017 status=201 req=r0000597 method=POST path=/upload dur_ms=1700 svc=media
2026-03-14T04:08:02.912Z [INFO] dur_ms=447 user=u0037 req=r0001334 status=200 svc=search method=GET msg="no changes" path=/search
2026-03-13T23:09:52.927-05:00 [INFO] user=u0027 method=GET svc=search msg="ok" status=200 path=/search req=r0000968 dur_ms=213
2026-03-14T04:11:15.330Z [INFO] method=GET svc=api msg="ok" path=/orders dur_ms=23 status=200 req=r0001030 user=u0029
2026-03-14T05:14:33.230+01:00 [INFO] svc=search status=200 path=/suggest method=GET dur_ms=12 req=r0001031 msg="accepted" user=u0029
2026-03-14T05:58:45.344Z [INFO] path=/products req=r0000121 status=200 dur_ms=46 method=GET msg="no changes" user=u0003 svc=api
2026-03-14T06:15:28.451+02:00 [INFO] svc=search status=200 msg="served from cache" user=u0027 req=r0000969 path=/search method=GET dur_ms=216
2026-03-14T05:15:50.314+01:00 [WARN] req=r0001335 msg="resource not found" dur_ms=35 path=/suggest method=GET user=u0037 status=404 svc=search
2026-03-14T04:18:53.038Z [INFO] dur_ms=23 path=/cart msg="ok" req=r0000706 user=u0020 svc=api method=GET status=200
2026-03-14T05:19:25.745+01:00 [INFO] svc=auth status=200 dur_ms=62 method=POST msg="accepted" path=/token/refresh req=r0000707 user=u0020
2026-03-14T04:20:00.716Z [INFO] req=r0001336 msg="completed" dur_ms=141 method=POST status=201 user=u0037 path=/cart svc=api
2026-03-14T04:20:23.928Z [INFO] req=r0000104 user=u0003 path=/invoices method=GET dur_ms=236 msg="completed" svc=billing status=200
2026-03-14T08:38:59.939+01:00 [WARN] req=r0000012 msg="rate limited" status=400 method=GET user=u0001 svc=api path=/products dur_ms=68
2026-03-14T06:20:36.138+02:00 [INFO] msg="completed" method=GET svc=search dur_ms=36 user=u0037 req=r0001337 status=200 path=/suggest
2026-03-14T09:52:33.708+05:30 [INFO] msg="ok" user=u0029 req=r0001032 method=POST status=200 svc=api dur_ms=96 path=/cart
2026-03-14T05:23:10.333+01:00 [ERROR] svc=api user=u0033 req=r0001222 status=500 dur_ms=144 path=/products method=GET msg="failed to parse \"response\" body"
2026-03-14T04:24:10.014Z [INFO] path=/cart svc=api user=u0027 dur_ms=29 method=GET req=r0000970 status=200 msg="accepted"
2026-03-14T05:24:25.149+01:00 [INFO] req=r0000105 msg="no changes" user=u0003 status=200 path=/products svc=api dur_ms=111 method=GET
2026-03-14T04:24:51.647Z [INFO] user=u0029 path=/checkout method=POST dur_ms=303 status=201 req=r0001033 svc=billing msg="no changes"
2026-03-14T04:26:21.846Z [INFO] msg="completed" user=u0003 req=r0000106 status=200 dur_ms=83 path=/token/refresh method=POST svc=auth
2026-03-14T05:29:30.308+01:00 [INFO] msg="served from cache" status=200 req=r0001034 method=POST svc=billing dur_ms=488 path=/checkout user=u0029
2026-03-14T04:30:07.904Z [INFO] method=POST svc=api user=u0003 dur_ms=55 status=200 msg="completed" path=/cart req=r0000107
2026-03-14T05:31:52.630+01:00 [INFO] status=200 msg="accepted" path=/search svc=search method=GET dur_ms=175 user=u0029 req=r0001035
2026-03-14T10:02:34.621+05:30 [WARN] svc=search msg="client sent malformed \"payload\"" dur_ms=120 method=GET req=r0001036 user=u0029 path=/search status=429
2026-03-14T04:33:02.818Z [INFO] svc=search dur_ms=386 msg="accepted" user=u0027 status=200 req=r0000971 method=GET path=/search
2026-03-14T04:34:00.222Z [INFO] status=200 dur_ms=14 method=GET svc=auth path=/users/me user=u0029 req=r0001037 msg="no changes"
2026-03-13T23:45:26.299-05:00 [INFO] method=GET req=r0000111 path=/users/me user=u0003 svc=auth dur_ms=39 msg="ok" status=200
2026-03-14T05:39:21.457+01:00 [ERROR] dur_ms=137 user=u0027 svc=api method=GET msg="connection reset by peer" status=503 path=/cart req=r0000972
    at com.example.Handler.run(B.java:386)
    at com.example.Handler.run(A.java:189)
    at com.example.Handler.run(B.java:384)
2026-03-14T06:39:23.114+02:00 [INFO] retry=1 status=200 dur_ms=23 method=GET svc=api msg="ok" req=r0000972 user=u0027 path=/cart
2026-03-14T04:39:25.050Z [ERROR] msg="upstream timeout after 3 retries" req=r0000972 status=503 path=/cart dur_ms=187 svc=api retry=2 method=GET user=u0027
2026-03-14T09:39:41.916+02:00 [INFO] method=GET dur_ms=120 status=200 req=r0000825 user=u0024 msg="accepted" svc=api path=/products
2026-03-14T04:40:14.413Z [INFO] req=r0000973 dur_ms=54 msg="accepted" method=GET user=u0027 status=200 path=/orders svc=api
2026-03-14T04:43:26.814Z [WARN] req=r0000109 msg="resource not found" svc=api path=/products dur_ms=20 method=GET user=u0003 status=404
2026-03-14T04:44:26.754Z [INFO] svc=billing msg="served from cache" method=POST user=u0003 dur_ms=176 path=/checkout req=r0000110 status=200
2026-03-14T04:45:12.615Z [INFO] req=r0000974 svc=auth dur_ms=49 msg="no changes" status=201 method=POST user=u0027 path=/login
2026-03-14T04:35:25.109Z [INFO] msg="accepted" dur_ms=60 status=200 user=u0003 method=GET path=/cart svc=api req=r0000108
2026-03-14T04:46:41.950Z [INFO] status=200 svc=api path=/products user=u0029 dur_ms=41 req=r0001039 msg="completed" method=GET
2026-03-14T04:50:28.949Z [INFO] dur_ms=74 path=/token/refresh user=u0020 method=POST msg="ok" status=201 req=r0000709 svc=auth
2026-03-14T04:50:36.138Z [INFO] req=r0001338 msg="ok" method=POST status=200 dur_ms=651 svc=billing user=u0037 path=/checkout
2026-03-14T04:51:56.673Z [INFO] path=/users/me user=u0027 status=200 dur_ms=26 req=r0000975 svc=auth method=GET msg="no changes"
2026-03-14T06:55:18.422+02:00 [INFO] user=u0037 msg="served from cache" svc=api req=r0001339 method=GET path=/orders status=200 dur_ms=45
2026-03-14T04:56:28.259Z [INFO] req=r0001040 user=u0029 svc=api msg="served from cache" status=200 path=/products method=GET dur_ms=128
2026-03-14T04:58:05.139Z [INFO] svc=auth msg="ok" status=200 dur_ms=57 user=u0037 method=GET path=/users/me req=r0001340
2026-03-14T00:00:02.468-05:00 [WARN] dur_ms=45 path=/cart svc=api status=400 req=r0000710 msg="rate limited" user=u0020 method=GET
2026-03-14T00:00:36.710-05:00 [INFO] msg="completed" dur_ms=405 user=u0027 req=r0000976 status=200 method=GET svc=search path=/search
2026-03-14T05:00:37.368Z [INFO] user=u0029 msg="ok" method=GET path=/cart svc=api status=200 dur_ms=24 req=r0001041
2026-03-14T05:07:42.811Z [ERROR] dur_ms=586 method=POST path=/login status=503 svc=auth msg="database unavailable" req=r0000816 user=u0024
2026-03-14T00:07:44.236-05:00 [INFO] msg="no changes" user=u0024 method=POST path=/login req=r0000816 dur_ms=331 status=201 svc=auth retry=1
2026-03-14T05:07:47.226Z [INFO] status=201 req=r0000816 svc=auth retry=2 method=POST user=u0024 path=/login msg="ok" dur_ms=54
2026-03-14T05:08:02.951Z [INFO] status=200 dur_ms=77 method=POST msg="no changes" path=/cart user=u0029 svc=api req=r0001042
2026-03-14T05:09:36.590Z [INFO] user=u0027 status=200 msg="served from cache" method=GET path=/cart dur_ms=21 svc=api req=r0000977
2026-03-14T05:14:18.066Z [INFO] req=r0000817 msg="served from cache" svc=api method=GET path=/products status=200 dur_ms=111 user=u0024
2026-03-14T00:14:24.816-05:00 [INFO] dur_ms=96 method=POST user=u0013 req=r0000428 status=200 svc=auth path=/login msg="served from cache"
2026-03-14T10:46:06.552+05:30 [INFO] msg="completed" req=r0000978 user=u0027 dur_ms=50 path=/token/refresh status=201 svc=auth method=POST
2026-03-14T07:16:49.622+02:00 [INFO] path=/suggest svc=search msg="served from cache" user=u0029 method=GET req=r0001043 dur_ms=32 status=200
2026-03-14T03:42:15.642Z [INFO] req=r0001217 svc=api msg="no changes" method=GET status=200 dur_ms=87 path=/orders user=u0033
2026-03-14T05:18:45.383Z [INFO] msg="served from cache" svc=auth req=r0000818 status=200 path=/token/refresh method=POST dur_ms=100 user=u0024
2026-03-14T06:18:59.863+01:00 [INFO] method=POST msg="completed" path=/login status=201 req=r0000113 user=u0003 dur_ms=30 svc=auth
2026-03-14T07:19:22.849+02:00 [WARN] req=r0000429 user=u0013 status=404 msg="rate limited" dur_ms=78 svc=api path=/orders method=GET
2026-03-14T05:23:17.984Z [WARN] msg="rate limited" method=POST path=/login status=400 user=u0003 svc=auth req=r0000114 dur_ms=75
2026-03-14T06:24:38.592+01:00 [INFO] path=/users/me msg="ok" user=u0024 method=GET req=r0000819 svc=auth status=200 dur_ms=11
2026-03-14T05:26:27.407Z [INFO] msg="accepted" req=r0001044 user=u0029 svc=api path=/cart status=200 method=GET dur_ms=104
2026-03-14T00:26:33.220-05:00 [INFO] req=r0000115 status=200 user=u0003 svc=auth dur_ms=30 path=/users/me msg="served from cache" method=GET
2026-03-14T05:27:21.836Z [INFO] msg="ok" req=r0000430 dur_ms=60 status=200 path=/orders method=GET svc=api user=u0013
2026-03-14T05:28:33.886Z [WARN] user=u0003 svc=api req=r0000116 method=POST path=/cart msg="rate limited" dur_ms=103 status=404
2026-03-14T04:11:37.292+01:00 [INFO] msg="completed" req=r0000957 svc=api path=/cart method=GET user=u0027 dur_ms=21 status=200
2026-03-14T07:29:16.884+02:00 [INFO] dur_ms=58 method=GET path=/users/me user=u0017 status=200 svc=auth req=r0000579 msg="ok"
2026-03-14T05:31:00.571Z [INFO] path=/thumb user=u0009 status=200 msg="served from cache" method=GET req=r0000309 dur_ms=188 svc=media
2026-03-14T05:31:30.850Z [INFO] dur_ms=75 method=POST user=u0017 msg="served from cache" path=/cart status=200 req=r0000580 svc=api
2026-03-14T06:33:06.828+01:00 [INFO] msg="accepted" req=r0001046 status=200 svc=search dur_ms=270 user=u0029 path=/search method=GET
2026-03-14T09:10:29.755Z [INFO] user=u0034 msg="ok" method=GET path=/products svc=api status=200 dur_ms=87 req=r0001224
2026-03-14T05:33:52.496Z [INFO] req=r0000117 status=200 svc=billing path=/payments msg="completed" dur_ms=708 method=POST user=u0003
2026-03-14T07:34:28.445+02:00 [INFO] user=u0003 msg="served from cache" dur_ms=528 path=/checkout status=201 svc=billing req=r0000118 method=POST
2026-03-14T05:34:40.664Z [INFO] method=GET path=/products dur_ms=92 user=u0017 req=r0000581 status=200 msg="ok" svc=api
2026-03-14T07:34:52.627+02:00 [INFO] path=/cart svc=api user=u0013 method=GET msg="served from cache" req=r0000431 dur_ms=20 status=200
2026-03-14T05:36:26.775Z [ERROR] svc=api path=/products dur_ms=271 req=r0000432 msg="upstream timeout after 3 retries" method=GET status=503 user=u0013
2026-03-14T05:36:29.157Z [INFO] user=u0013 status=200 dur_ms=33 path=/products svc=api req=r0000432 retry=1 msg="ok" method=GET
2026-03-14T05:36:29.618Z [INFO] msg="accepted" retry=2 path=/products svc=api dur_ms=63 method=GET user=u0013 status=200 req=r0000432
2026-03-14T05:38:57.135Z [INFO] req=r0000433 svc=search status=200 path=/search dur_ms=105 msg="completed" user=u0013 method=GET
2026-03-14T05:39:11.978Z [INFO] method=GET dur_ms=37 status=200 path=/users/me msg="no changes" user=u0017 req=r0000582 svc=auth
2026-03-14T05:39:27.698Z [INFO] msg="ok" dur_ms=26 req=r0000434 status=200 method=GET svc=search path=/suggest user=u0013
2026-03-14T05:40:32.462Z [INFO] user=u0009 svc=auth status=201 method=POST req=r0000310 msg="completed" dur_ms=54 path=/token/refresh
2026-03-14T08:46:10.489+02:00 [INFO] svc=billing req=r0000002 path=/payments user=u0001 dur_ms=220 status=200 method=POST msg="no changes"
2026-03-14T05:44:01.779Z [INFO] req=r0000119 svc=search dur_ms=20 path=/suggest msg="no changes" method=GET status=200 user=u0003
2026-03-14T05:45:36.011Z [INFO] path=/cart user=u0009 msg="no changes" dur_ms=115 svc=api method=POST status=200 req=r0000311
2026-03-14T05:46:38.144Z [INFO] status=200 method=GET dur_ms=26 req=r0000583 msg="ok" path=/users/me svc=auth user=u0017
2026-03-14T00:47:57.236-05:00 [INFO] method=GET svc=auth path=/users/me dur_ms=42 req=r0000435 status=200 user=u0013 msg="served from cache"
2026-03-14T00:49:02.265-05:00 [INFO] user=u0029 status=201 svc=api dur_ms=37 msg="accepted" path=/cart method=POST req=r0001049
2026-03-14T00:49:16.984-05:00 [INFO] user=u0003 status=201 method=POST dur_ms=17 path=/token/refresh msg="served from cache" svc=auth req=r0000120
2026-03-14T07:51:50.381+02:00 [INFO] svc=auth method=POST dur_ms=16 msg="served from cache" user=u0029 path=/token/refresh status=200 req=r0001050
2026-03-14T11:22:23.810+05:30 [INFO] svc=api dur_ms=89 msg="completed" user=u0029 status=200 method=GET path=/products req=r0001051
2026-03-14T05:53:44.761Z [INFO] method=GET dur_ms=53 req=r0000584 user=u0017 status=200 path=/orders msg="served from cache" svc=api
2026-03-14T06:54:24.432+01:00 [INFO] user=u0009 method=POST path=/checkout dur_ms=572 svc=billing req=r0000312 msg="accepted" status=201
2026-03-14T05:54:47.244Z [INFO] status=200 dur_ms=32 req=r0000313 method=GET msg="served from cache" path=/users/me user=u0009 svc=auth
2026-03-14T05:55:44.012Z [INFO] path=/cart svc=api msg="accepted" dur_ms=40 user=u0013 req=r0000436 method=GET status=200
2026-03-13T23:15:16.549-05:00 [INFO] msg="ok" path=/search status=200 svc=search user=u0033 req=r0001221 dur_ms=592 method=GET
2026-03-14T07:00:00.329+01:00 [INFO] status=200 path=/payments svc=billing msg="served from cache" dur_ms=381 req=r0000314 method=POST user=u0009
2026-03-14T06:01:04.954Z [INFO] user=u0017 method=GET msg="completed" path=/cart status=200 svc=api req=r0000585 dur_ms=37
2026-03-14T06:01:16.631Z [INFO] svc=api method=GET status=200 msg="ok" req=r0000122 user=u0003 path=/products dur_ms=47
2026-03-14T01:01:42.789-05:00 [INFO] req=r0000437 svc=auth method=GET msg="served from cache" user=u0013 dur_ms=31 status=200 path=/users/me
2026-03-14T07:01:58.138+01:00 [INFO] method=GET svc=auth path=/users/me dur_ms=43 user=u0009 msg="ok" status=200 req=r0000315
2026-03-14T01:02:53.993-05:00 [INFO] svc=auth user=u0017 path=/token/refresh dur_ms=43 req=r0000586 status=200 method=POST msg="accepted"
2026-03-14T06:03:13.355Z [INFO] dur_ms=107 svc=api user=u0013 path=/cart method=POST status=200 msg="completed" req=r0000438
2026-03-14T08:05:02.336+02:00 [WARN] msg="rate limited" svc=billing status=400 dur_ms=274 path=/checkout method=POST user=u0017 req=r0000587
2026-03-14T11:40:26.484+05:30 [INFO] path=/suggest svc=search status=200 user=u0003 msg="completed" req=r0000123 method=GET dur_ms=53
2026-03-14T06:11:05.292Z [INFO] req=r0000588 path=/checkout status=200 user=u0017 msg="served from cache" dur_ms=267 method=POST svc=billing
2026-03-14T06:12:44.845Z [ERROR] user=u0013 method=GET path=/products status=503 msg="upstream timeout after 3 retries" req=r0000439 dur_ms=171 svc=api
2026-03-14T06:16:46.258Z [INFO] user=u0003 method=POST req=r0000124 status=201 dur_ms=386 svc=billing path=/checkout msg="served from cache"
2026-13-40T99:99:99.000Z [INFO] impossible timestamp
2026-03-14T06:20:19.556Z [INFO] user=u0017 status=200 msg="accepted" req=r0000589 dur_ms=481 svc=billing method=POST path=/payments
2026-03-14T06:22:23.810Z [INFO] dur_ms=104 path=/login user=u0029 status=200 svc=auth method=POST msg="no changes" req=r0001052
2026-03-14T06:23:06.617Z [INFO] req=r0000125 svc=search method=GET dur_ms=186 msg="served from cache" user=u0003 path=/search status=200
2026-03-14T06:25:09.976Z [INFO] svc=api method=POST status=200 msg="completed" path=/cart req=r0001053 user=u0029 dur_ms=158
2026-03-14T07:26:06.395+01:00 [INFO] status=201 msg="no changes" req=r0000590 user=u0017 path=/token/refresh method=POST svc=auth dur_ms=90
2026-03-14T05:33:36.711Z [INFO] msg="completed" path=/orders svc=api status=200 user=u0029 dur_ms=112 req=r0001047 method=GET
2026-03-14T06:29:57.333Z [WARN] user=u0017 dur_ms=154 msg="client sent malformed \"payload\"" req=r0000591 path=/invoices method=GET svc=billing status=429
2026-03-14T06:30:11.669Z [INFO] msg="no changes" user=u0003 req=r0000126 method=POST svc=billing dur_ms=156 status=200 path=/checkout
2026-03-14T07:36:46.379+01:00 [INFO] svc=api dur_ms=58 status=200 req=r0001055 user=u0029 method=GET msg="no changes" path=/products
2026-03-14T06:38:13.049Z [INFO] req=r0000592 svc=billing status=200 dur_ms=324 path=/payments msg="no changes" method=POST user=u0017
2026-03-14T08:39:43.759+02:00 [INFO] user=u0003 dur_ms=43 status=200 msg="ok" path=/products req=r0000127 method=GET svc=api
2026-03-14T06:43:25.107Z [INFO] msg="accepted" svc=search path=/search user=u0001 method=GET dur_ms=114 req=r0000001 status=200
2026-03-14T06:45:35.336Z [INFO] user=u0017 req=r0000593 svc=api method=GET status=200 path=/orders dur_ms=91 msg="completed"
2026-03-14T05:41:38.749Z [INFO] status=201 msg="ok" dur_ms=106 svc=auth user=u0029 req=r0001048 path=/login method=POST
2026-03-14T01:46:35.869-05:00 [INFO] path=/orders svc=api dur_ms=146 status=200 msg="served from cache" req=r0000128 method=GET user=u0003
2026-03-14T06:54:16.965Z [INFO] user=u0001 status=200 path=/cart svc=api req=r0000003 dur_ms=62 msg="served from cache" method=POST
2026-03-14T08:54:37.754+02:00 [ERROR] user=u0037 req=r0001341 status=503 method=GET svc=search msg="upstream timeout after 3 retries" dur_ms=377 path=/search
2026-03-14T01:54:40.496-05:00 [INFO] req=r0001341 svc=search user=u0037 status=200 method=GET retry=1 dur_ms=63 path=/search msg="ok"
2026-03-14T07:54:42.916+01:00 [ERROR] retry=2 path=/search method=GET svc=search status=503 msg="failed to parse \"response\" body" dur_ms=67 user=u0037 req=r0001341
    at com.example.Client.run(A.java:149)
    at com.example.Pool.run(B.java:191)
2026-03-14T06:55:15.194Z [INFO] status=200 method=POST dur_ms=29 path=/token/refresh user=u0003 msg="served from cache" svc=auth req=r0000129
2026-03-14T06:55:54.660Z [INFO] req=r0000004 svc=api msg="no changes" method=GET status=200 dur_ms=34 user=u0001 path=/cart
2026-03-14T07:00:23.636Z [INFO] svc=api status=200 msg="accepted" dur_ms=68 path=/cart user=u0037 method=POST req=r0001342
2026-03-14T07:00:47.031Z [INFO] method=GET svc=api user=u0037 msg="served from cache" status=200 dur_ms=183 path=/products req=r0001343
2026-03-14T02:02:40.927-05:00 [INFO] user=u0001 svc=api status=200 method=GET req=r0000005 dur_ms=62 msg="no changes" path=/orders
2026-03-14T09:09:08.339+02:00 [INFO] user=u0037 dur_ms=25 method=GET msg="completed" status=304 svc=search req=r0001344 path=/suggest
2026-03-14T07:10:37.400Z [INFO] svc=api status=200 dur_ms=42 method=POST path=/cart user=u0001 msg="accepted" req=r0000006
2026-03-14T07:12:57.693Z [INFO] status=200 user=u0001 req=r0000007 dur_ms=245 method=GET path=/search msg="no changes" svc=search
2026-03-14T07:13:40.271Z [INFO] svc=api method=GET msg="ok" req=r0001345 status=200 path=/products user=u0037 dur_ms=139
2026-03-14T08:13:57.274+01:00 [INFO] status=200 dur_ms=103 method=GET req=r0001346 msg="served from cache" path=/invoices user=u0037 svc=billing
2026-03-14T09:14:43.927+02:00 [INFO] path=/orders method=GET dur_ms=40 req=r0000820 status=304 user=u0024 svc=api msg="served from cache"
2026-03-14T07:17:58.334Z [INFO] msg="served from cache" path=/cart user=u0001 req=r0000008 method=POST dur_ms=29 svc=api status=201
2026-03-14T07:21:58.009Z [INFO] svc=auth dur_ms=23 msg="completed" path=/users/me status=200 method=GET user=u0024 req=r0000821
2026-03-14T08:21:58.073+01:00 [INFO] svc=auth msg="ok" dur_ms=32 method=GET path=/users/me status=200 req=r0001347 user=u0037
2026-03-14T07:23:51.999Z [INFO] user=u0024 path=/upload msg="no changes" method=POST svc=media req=r0000822 dur_ms=302 status=200
2026-03-14T08:25:45.476+01:00 [INFO] user=u0037 status=200 svc=search msg="ok" path=/search dur_ms=380 req=r0001348 method=GET
2026-03-14T12:57:06.763+05:30 [INFO] user=u0001 status=200 svc=api path=/cart dur_ms=33 method=GET msg="served from cache" req=r0000009
2026-03-14T07:29:09.736Z [INFO] status=200 path=/suggest user=u0001 req=r0000010 svc=search msg="completed" dur_ms=24 method=GET
2026-03-14T07:31:11.904Z [INFO] user=u0024 path=/thumb msg="served from cache" svc=media method=GET status=200 req=r0000823 dur_ms=107
2026-03-14T07:32:51.432Z [INFO] method=GET status=200 req=r0000594 msg="ok" dur_ms=389 svc=search user=u0017 path=/search
2026-03-14T07:33:55.672Z [INFO] status=200 svc=billing method=GET user=u0037 path=/invoices req=r0001349 dur_ms=301 msg="no changes"
2026-03-14T09:34:33.713+02:00 [INFO] req=r0000011 user=u0001 method=GET msg="no changes" path=/orders svc=api status=200 dur_ms=53
2026-03-14T07:34:35.529Z [INFO] user=u0024 msg="served from cache" dur_ms=38 path=/suggest req=r0000824 svc=search status=200 method=GET
2026-03-14T13:08:31.282+05:30 [ERROR] method=GET user=u0035 req=r0001452 svc=api status=503 msg="upstream timeout after 3 retries" path=/products dur_ms=413
    at com.example.Client.run(B.java:347)
    at com.example.Client.run(A.java:278)
2026-03-14T07:38:31.874Z [ERROR] svc=media dur_ms=310 status=502 path=/thumb method=GET req=r0001448 user=u0038 msg="connection reset by peer"
2026-03-14T07:38:37.523Z [ERROR] svc=api req=r0001446 user=u0009 path=/orders status=502 msg="upstream timeout after 3 retries" dur_ms=207 method=GET
    at com.example.Handler.run(B.java:300)
    at com.example.Pool.run(A.java:174)
    at com.example.Handler.run(A.java:73)
    at com.example.Client.run(A.java:246)
2026-03-14T07:38:54.644Z [ERROR] status=503 method=GET req=r0001449 path=/cart user=u0012 svc=api dur_ms=142 msg="database unavailable"
2026-03-14T07:38:55.535Z [ERROR] svc=api user=u0028 dur_ms=563 path=/products req=r0001444 status=500 msg="database unavailable" method=GET
2026-03-14T04:20:28.949Z [ERROR] msg="upstream timeout after 3 retries" path=/payments status=502 svc=billing user=u0020 method=POST req=r0000708 dur_ms=818
2026-03-14T08:39:02.392+01:00 [ERROR] status=500 user=u0005 req=r0001445 svc=api method=GET path=/products dur_ms=112 msg="connection reset by peer"
2026-03-14T07:39:02.705Z [ERROR] path=/cart status=500 svc=api msg="connection reset by peer" req=r0001450 dur_ms=287 user=u0001 method=GET
    at com.example.Client.run(A.java:338)
    at com.example.Client.run(B.java:341)
2026-03-14T08:39:16.732+01:00 [ERROR] msg="database unavailable" path=/suggest user=u0006 status=503 svc=search dur_ms=227 req=r0001447 method=GET
    at com.example.Client.run(A.java:222)
    at com.example.Client.run(A.java:130)
    at com.example.Pool.run(B.java:348)
    at com.example.Handler.run(B.java:339)
2026-03-14T07:39:17.000Z [ERROR] msg="upstream timeout after 3 retries" dur_ms=52 method=GET req=r0001451 path=/users/me svc=auth status=502 user=u0011
2026-03-14T04:39:27.469Z [INFO] user=u0029 method=POST msg="ok" req=r0001038 status=200 path=/login dur_ms=109 svc=auth
2026-03-14T08:40:31.747+01:00 [INFO] svc=auth user=u0001 status=200 method=POST path=/login dur_ms=256 req=r0000013 msg="ok"
2026-03-14T02:40:36.155-05:00 [INFO] dur_ms=70 status=200 svc=auth req=r0000595 user=u0017 method=GET path=/users/me msg="served from cache"
2026-03-14T08:40:40.136+01:00 [INFO] method=GET dur_ms=155 msg="ok" status=200 path=/invoices svc=billing req=r0000826 user=u0024
2026-03-14T07:40:59.443Z [INFO] status=200 req=r0000827 method=POST svc=billing user=u0024 msg="no changes" dur_ms=245 path=/checkout
2026-03-14T07:42:42.107Z [INFO] dur_ms=16 req=r0000440 method=GET status=200 user=u0013 msg="served from cache" svc=search path=/suggest
2026-03-14T07:43:50.334Z [INFO] path=/upload msg="completed" svc=media status=200 user=u0024 req=r0000828 method=POST dur_ms=1307
2026-03-14T07:48:07.495Z [INFO] method=GET req=r0000316 status=200 path=/products svc=api msg="accepted" user=u0009 dur_ms=104
2026-03-14T07:48:49.348Z [INFO] dur_ms=71 req=r0000596 user=u0017 path=/products msg="served from cache" method=GET svc=api status=200
2026-03-14T08:49:28.284+01:00 [WARN] msg="invalid parameter" svc=search method=GET req=r0000014 user=u0001 status=429 dur_ms=5 path=/suggest
2026-03-14T07:49:47.838Z [INFO] path=/orders method=GET user=u0013 req=r0000441 svc=api msg="ok" dur_ms=47 status=200
2026-03-14T07:50:13.026Z [INFO] svc=auth user=u0001 status=201 msg="served from cache" path=/login req=r0000015 dur_ms=77 method=POST
2026-03-14T07:50:21.502Z [INFO] req=r0000317 dur_ms=52 svc=search user=u0009 path=/suggest method=GET msg="served from cache" status=200
2026-03-14T07:51:00.922Z [INFO] path=/search svc=search msg="accepted" method=GET dur_ms=328 req=r0000829 user=u0024 status=200
2026-03-14T05:07:26.400-05:00 [INFO] msg="served from cache" svc=api req=r0000404 user=u0012 dur_ms=98 path=/orders status=200 method=GET
2026-03-14T07:52:52.086Z [INFO] msg="accepted" status=200 path=/orders method=GET req=r0000016 user=u0001 svc=api dur_ms=83
2026-03-14T07:53:26.996Z [INFO] path=/suggest dur_ms=19 req=r0000017 user=u0001 status=200 svc=search method=GET msg="completed"
2026-03-14T04:06:34.038Z [INFO] path=/users/me user=u0037 req=r0001333 svc=auth method=GET msg="completed" dur_ms=19 status=200
2026-03-14T13:24:56.010+05:30 [INFO] msg="ok" svc=search dur_ms=24 method=GET req=r0000443 path=/suggest status=200 user=u0013
2026-03-14T10:04:17.185+01:00 [INFO] path=/users/me msg="ok" dur_ms=14 status=200 method=GET user=u0024 req=r0000842 svc=auth
2026-03-14T07:56:52.978Z [INFO] dur_ms=93 user=u0001 method=GET svc=auth status=200 path=/users/me req=r0000018 msg="no changes"
2026-03-14T07:59:23.998Z [INFO] method=GET req=r0000444 status=200 msg="ok" path=/search dur_ms=423 user=u0013 svc=search
2026-03-14T07:59:51.216Z [INFO] svc=search status=200 req=r0000318 user=u0009 msg="ok" path=/suggest method=GET dur_ms=20
2026-03-14T14:45:16.485+05:30 [INFO] path=/orders method=GET req=r0001067 user=u0030 dur_ms=102 status=200 msg="no changes" svc=api
2026-03-14T08:00:16.872Z [INFO] msg="served from cache" svc=search user=u0024 req=r0000831 dur_ms=142 path=/search status=200 method=GET
2026-03-14T08:01:28.002Z [INFO] req=r0000832 status=200 msg="accepted" path=/upload dur_ms=1647 svc=media user=u0024 method=POST
2026-03-14T09:01:57.095+01:00 [INFO] status=200 req=r0000598 user=u0017 dur_ms=19 svc=auth msg="ok" method=GET path=/users/me
2026-03-14T08:04:24.560Z [INFO] status=200 path=/orders user=u0009 dur_ms=67 svc=api msg="ok" method=GET req=r0000319
2026-03-14T08:08:36.382Z [INFO] method=GET msg="no changes" dur_ms=21 req=r0001057 user=u0030 status=200 path=/products svc=api
2026-03-14T10:09:03.279+02:00 [WARN] method=GET status=429 req=r0000833 path=/suggest dur_ms=12 svc=search user=u0024 msg="invalid parameter"
2026-03-14T08:09:21.312Z [INFO] user=u0030 svc=search dur_ms=59 path=/suggest req=r0001058 status=200 method=GET msg="no changes"
2026-03-14T08:09:49.119Z [WARN] method=POST dur_ms=49 svc=auth user=u0013 status=404 path=/token/refresh msg="resource not found" req=r0000446
2026-03-14T08:10:42.322Z [INFO] method=POST svc=api path=/cart user=u0017 msg="ok" status=201 req=r0000599 dur_ms=84
2026-03-14T08:11:00.031Z [INFO] method=GET status=200 req=r0001350 svc=auth path=/users/me user=u0037 msg="no changes" dur_ms=20
2026-03-14T13:41:36.770+05:30 [INFO] user=u0013 dur_ms=138 req=r0000447 svc=api msg="completed" path=/products status=200 method=GET
2026-03-14T10:12:41.987+02:00 [INFO] msg="completed" method=POST user=u0009 dur_ms=348 status=201 svc=billing req=r0000320 path=/checkout
2026-03-14T08:13:15.026Z [INFO] user=u0030 dur_ms=56 svc=api status=200 msg="served from cache" req=r0001059 path=/products method=GET
2026-03-14T08:15:45.260Z [INFO] dur_ms=66 path=/login method=POST svc=auth user=u0030 msg="no changes" status=201 req=r0001060
2026-03-14T10:16:15.601+02:00 [INFO] dur_ms=86 msg="completed" path=/login method=POST svc=auth user=u0009 status=201 req=r0000321
2026-03-14T08:18:09.354Z [INFO] req=r0000834 method=GET dur_ms=23 status=200 msg="ok" user=u0024 path=/users/me svc=auth
2026-03-14T09:18:49.759+01:00 [INFO] path=/orders method=GET dur_ms=59 req=r0000448 msg="no changes" svc=api status=200 user=u0013
2026-03-14T08:19:30.177Z [INFO] method=POST status=200 user=u0017 msg="completed" svc=billing path=/checkout req=r0000600 dur_ms=487
2026-03-14T08:20:16.315Z [INFO] status=200 method=GET msg="completed" user=u0017 svc=api path=/orders req=r0000601 dur_ms=96
2026-03-14T10:21:17.252+02:00 [INFO] user=u0013 msg="accepted" svc=api status=200 dur_ms=76 path=/cart req=r0000449 method=POST
2026-03-14T09:21:44.049+01:00 [INFO] dur_ms=321 status=200 path=/search method=GET req=r0001061 msg="completed" svc=search user=u0030
2026-03-14T08:21:55.727Z [INFO] status=200 dur_ms=43 svc=auth path=/token/refresh msg="ok" user=u0009 method=POST req=r0000322
2026-03-14T08:22:43.840Z [INFO] req=r0000835 dur_ms=73 method=GET user=u0024 path=/thumb svc=media msg="served from cache" status=200
2026-03-14T09:23:10.053+01:00 [INFO] path=/upload status=200 method=POST svc=media msg="completed" user=u0013 dur_ms=1302 req=r0000450
2026-03-14T03:23:21.659-05:00 [INFO] method=POST user=u0024 req=r0000836 msg="no changes" dur_ms=183 svc=auth path=/login status=201
2026-03-14T03:24:49.670-05:00 [INFO] user=u0029 path=/login status=200 svc=auth dur_ms=65 req=r0001056 method=POST msg="ok"
2026-03-14T08:25:18.453Z [INFO] req=r0000323 dur_ms=167 svc=api path=/cart status=200 user=u0009 msg="completed" method=POST
2026-03-14T08:26:00.233Z [INFO] user=u0013 msg="no changes" dur_ms=27 method=GET req=r0000451 path=/cart svc=api status=200
2026-03-14T08:26:07.236Z [INFO] svc=api method=POST user=u0024 msg="no changes" path=/cart status=201 dur_ms=104 req=r0000837
2026-03-14T08:26:52.978Z [INFO] svc=api path=/products msg="served from cache" status=200 method=GET user=u0001 req=r0000019 dur_ms=88
2026-03-14T09:28:08.877+01:00 [ERROR] status=503 method=POST msg="upstream timeout after 3 retries" path=/checkout svc=billing user=u0020 req=r0001440 dur_ms=2731
2026-03-14T08:28:09.228Z [ERROR] path=/thumb svc=media dur_ms=243 user=u0028 req=r0001438 method=GET status=503 msg="connection reset by peer"
    at com.example.Handler.run(B.java:394)
    at com.example.Client.run(B.java:400)
    at com.example.Pool.run(A.java:163)
    at com.example.Pool.run(A.java:58)
2026-03-14T08:28:09.537Z [ERROR] user=u0026 msg="upstream timeout after 3 retries" path=/invoices method=GET svc=billing dur_ms=248 status=500 req=r0001431
2026-03-14T09:28:19.449+01:00 [ERROR] method=POST req=r0001441 path=/login status=503 msg="failed to parse \"response\" body" dur_ms=350 user=u0010 svc=auth
    at com.example.Pool.run(A.java:382)
    at com.example.Pool.run(B.java:27)
2026-03-14T03:28:20.483-05:00 [ERROR] dur_ms=766 svc=api status=500 req=r0001433 msg="upstream timeout after 3 retries" method=GET path=/orders user=u0008
    at com.example.Handler.run(B.java:330)
    at com.example.Client.run(A.java:26)
    at com.example.Client.run(A.java:285)
    at com.example.Handler.run(B.java:265)
2026-03-14T09:28:21.390+01:00 [ERROR] user=u0037 svc=api status=500 dur_ms=164 method=GET req=r0001436 msg="failed to parse \"response\" body" path=/orders
2026-03-14T08:28:22.037Z [ERROR] dur_ms=166 status=502 msg="database unavailable" req=r0001435 method=GET path=/orders svc=api user=u0014
2026-03-14T08:28:23.045Z [ERROR] svc=api path=/cart status=503 dur_ms=697 method=POST user=u0035 msg="database unavailable" req=r0001437
2026-03-14T09:28:26.426+01:00 [ERROR] method=GET svc=api req=r0001434 path=/products dur_ms=162 msg="database unavailable" user=u0001 status=503
2026-03-14T08:28:26.600Z [ERROR] svc=billing user=u0017 path=/payments req=r0001443 dur_ms=852 status=502 method=POST msg="database unavailable"
2026-03-14T08:28:26.937Z [ERROR] dur_ms=58 status=503 user=u0039 svc=auth req=r0001432 path=/users/me method=GET msg="database unavailable"
2026-03-14T03:28:34.957-05:00 [ERROR] user=u0024 msg="upstream timeout after 3 retries" dur_ms=313 method=GET svc=api req=r0001439 path=/cart status=502
2026-03-14T09:28:39.348+01:00 [ERROR] req=r0001442 svc=auth dur_ms=298 status=500 method=POST msg="connection reset by peer" path=/token/refresh user=u0018
2026-03-14T08:28:44.388Z [ERROR] svc=search req=r0001430 user=u0034 dur_ms=508 status=503 msg="database unavailable" path=/search method=GET
2026-03-14T03:29:24.410-05:00 [INFO] svc=api dur_ms=85 status=200 user=u0017 msg="served from cache" path=/products req=r0000602 method=GET
2026-03-14T14:00:37.454+05:30 [INFO] svc=search req=r0000452 msg="ok" path=/search user=u0013 method=GET dur_ms=141 status=304
2026-03-14T08:31:56.751Z [ERROR] user=u0001 status=503 dur_ms=212 req=r0000020 path=/orders svc=api method=GET msg="upstream timeout after 3 retries"
# logrotate: rotated at block 754
2026-03-14T08:33:45.139Z [INFO] msg="accepted" method=GET svc=api path=/cart status=200 dur_ms=96 req=r0000603 user=u0017
2026-03-14T08:34:51.392Z [INFO] status=200 user=u0009 svc=api msg="no changes" path=/products method=GET req=r0000324 dur_ms=18
2026-03-14T08:35:23.894Z [INFO] path=/suggest dur_ms=27 status=200 req=r0000453 svc=search method=GET user=u0013 msg="ok"
2026-03-14T08:35:27.028Z [INFO] user=u0024 req=r0000838 msg="served from cache" path=/orders status=200 svc=api method=GET dur_ms=82
2026-03-14T08:39:52.450Z [INFO] dur_ms=33 status=200 req=r0000021 svc=api msg="accepted" path=/orders user=u0001 method=GET
2026-03-14T03:41:00.526-05:00 [INFO] path=/login status=200 dur_ms=201 svc=auth req=r0000604 method=POST user=u0017 msg="accepted"
2026-03-14T03:42:41.212-05:00 [WARN] method=GET status=429 svc=media req=r0000325 msg="rate limited" user=u0009 path=/thumb dur_ms=91
2026-03-14T10:42:51.853+02:00 [INFO] dur_ms=12 svc=search msg="ok" method=GET path=/suggest status=200 user=u0013 req=r0000454
2026-03-14T08:44:55.471Z [INFO] svc=api msg="accepted" user=u0009 method=GET dur_ms=63 req=r0000326 path=/orders status=200
2026-03-14T11:31:13.583Z [INFO] msg="no changes" path=/orders status=200 user=u0025 method=GET req=r0000862 svc=api dur_ms=53
2026-03-14T08:45:15.544Z [INFO] msg="completed" dur_ms=87 req=r0000022 svc=api method=GET user=u0001 status=200 path=/orders
2026-03-14T08:48:03.718Z [INFO] svc=search status=200 method=GET dur_ms=286 msg="completed" req=r0000023 user=u0001 path=/search
2026-03-14T09:50:59.144+01:00 [INFO] path=/products user=u0013 req=r0000455 svc=api method=GET dur_ms=92 msg="no changes" status=200
2026-03-14T08:51:44.049Z [INFO] path=/products user=u0030 svc=api dur_ms=41 method=GET req=r0001062 status=200 msg="accepted"
2026-03-14T08:52:19.042Z [INFO] user=u0009 svc=billing method=POST path=/payments req=r0000327 status=201 dur_ms=474 msg="accepted"
2026-03-14T08:52:34.427Z [INFO] status=200 user=u0024 path=/orders req=r0000840 svc=api dur_ms=121 method=GET msg="completed"
2026-03-14T08:52:57.095Z [INFO] dur_ms=170 status=200 path=/search svc=search method=GET req=r0000456 msg="ok" user=u0013
2026-03-14T08:54:36.328Z [INFO] req=r0001063 svc=api method=GET msg="accepted" user=u0030 status=200 dur_ms=86 path=/cart
2026-03-14T08:56:04.684Z [INFO] dur_ms=130 status=201 method=POST msg="accepted" path=/cart req=r0000841 user=u0024 svc=api
2026-03-14T08:56:29.715Z [INFO] user=u0030 req=r0001064 dur_ms=229 method=GET svc=media msg="completed" status=200 path=/thumb
2026-03-14T08:59:59.869Z [INFO] req=r0001065 path=/cart user=u0030 dur_ms=42 svc=api method=GET status=200 msg="ok"
2026-03-14T10:01:17.181+01:00 [INFO] req=r0000328 method=POST msg="accepted" dur_ms=281 user=u0009 status=201 path=/login svc=auth
2026-03-14T09:02:16.710Z [INFO] req=r0000457 msg="accepted" user=u0013 status=200 dur_ms=60 path=/thumb method=GET svc=media
2026-03-14T09:02:17.965Z [INFO] user=u0034 method=GET req=r0001223 path=/orders msg="ok" status=304 svc=api dur_ms=127
2026-03-14T04:02:24.311-05:00 [INFO] msg="served from cache" status=200 path=/cart svc=api method=GET user=u0009 req=r0000329 dur_ms=33
2026-03-14T09:55:48.209+02:00 [INFO] path=/products user=u0024 method=GET msg="ok" svc=api req=r0000830 status=200 dur_ms=73
2026-03-14T09:06:16.078Z [INFO] user=u0013 path=/users/me svc=auth req=r0000458 method=GET status=200 dur_ms=23 msg="ok"
2026-03-14T04:06:17.377-05:00 [WARN] method=GET path=/cart user=u0013 dur_ms=114 msg="client sent malformed \"payload\"" svc=api req=r0000459 status=404
2026-03-14T10:07:44.975+01:00 [INFO] dur_ms=54 req=r0000330 user=u0009 svc=api status=200 path=/products msg="ok" method=GET
2026-03-14T09:08:50.102Z [INFO] svc=api msg="ok" user=u0030 method=POST dur_ms=61 path=/cart req=r0001066 status=201
2026-03-14T10:09:44.925+01:00 [INFO] status=200 req=r0000843 method=GET msg="no changes" svc=search dur_ms=20 user=u0024 path=/suggest
2026-03-14T06:26:52.894Z [INFO] svc=api user=u0029 path=/products req=r0001054 msg="served from cache" status=200 dur_ms=65 method=GET
2026-03-14T10:11:13.372+01:00 [INFO] req=r0000460 status=200 msg="completed" dur_ms=78 path=/orders method=GET svc=api user=u0013
2026-03-14T04:15:11.952-05:00 [INFO] msg="ok" dur_ms=14 svc=auth req=r0000844 user=u0024 status=200 path=/users/me method=GET
2026-03-14T08:00:15.440Z [INFO] user=u0013 path=/token/refresh req=r0000445 svc=auth status=201 msg="ok" dur_ms=30 method=POST
2026-03-14T09:15:29.625Z [INFO] msg="served from cache" svc=billing req=r0001225 dur_ms=210 path=/checkout user=u0034 method=POST status=201
2026-03-14T14:47:10.804+05:30 [WARN] status=429 path=/cart user=u0030 req=r0001068 method=GET dur_ms=36 msg="rate limited" svc=api
2026-03-14T09:17:39.692Z [INFO] req=r0000331 status=201 user=u0009 dur_ms=56 method=POST path=/cart svc=api msg="served from cache"
2026-03-14T10:20:01.065+01:00 [INFO] user=u0013 status=200 method=GET msg="no changes" req=r0000461 path=/cart dur_ms=33 svc=api
2026-03-14T09:21:02.134Z [INFO] path=/checkout msg="no changes" method=POST user=u0011 svc=billing req=r0000380 status=201 dur_ms=659
2026-03-14T10:22:35.932+01:00 [INFO] path=/search svc=search req=r0000845 msg="no changes" status=200 user=u0024 method=GET dur_ms=205
2026-03-14T09:24:18.735Z [INFO] svc=api msg="served from cache" path=/cart method=POST dur_ms=151 user=u0009 req=r0000332 status=200
2026-03-14T04:25:27.711-05:00 [INFO] msg="ok" path=/orders svc=api dur_ms=59 req=r0001069 method=GET status=200 user=u0030
2026-03-14T09:25:35.569Z [INFO] dur_ms=13 user=u0013 method=GET msg="accepted" req=r0000462 status=200 path=/users/me svc=auth
2026-03-14T10:27:02.095+01:00 [INFO] method=GET req=r0001070 path=/orders dur_ms=63 svc=api msg="served from cache" status=200 user=u0030
2026-03-14T09:28:35.449Z [INFO] req=r0000463 method=GET status=200 svc=api path=/products dur_ms=29 user=u0013 msg="accepted"
2026-03-14T04:30:01.641-05:00 [INFO] path=/token/refresh req=r0000464 method=POST user=u0013 dur_ms=23 status=201 msg="completed" svc=auth
2026-03-14T05:53:44.761Z [INFO] method=GET dur_ms=53 req=r0000584 user=u0017 status=200 path=/orders msg="served from cache" svc=api
2026-03-14T09:30:45.228Z [INFO] req=r0000381 msg="no changes" path=/login method=POST user=u0011 svc=auth dur_ms=82 status=200
2026-03-14T09:31:14.453Z [INFO] status=200 path=/invoices svc=billing user=u0024 method=GET msg="served from cache" req=r0000846 dur_ms=37
2026-03-14T09:31:14.453Z [INFO] status=200 path=/invoices svc=billing user=u0024 method=GET msg="served from cache" req=r0000846 dur_ms=37
2026-03-14T04:31:28.220-05:00 [INFO] req=r0001071 method=GET status=200 path=/products msg="completed" user=u0030 svc=api dur_ms=71
2026-03-14T09:33:15.245Z [INFO] method=GET path=/cart svc=api req=r0000333 dur_ms=23 status=200 msg="no changes" user=u0009
2026-03-14T09:34:18.284Z [INFO] req=r0000334 msg="accepted" path=/products status=200 method=GET svc=api dur_ms=55 user=u0009
2026-03-14T11:35:44.722+02:00 [INFO] method=GET user=u0013 msg="no changes" status=200 req=r0000465 path=/users/me dur_ms=35 svc=auth
2026-03-14T10:36:10.203+01:00 [INFO] msg="completed" user=u0024 status=200 dur_ms=56 path=/orders method=GET svc=api req=r0000847
2026-03-14T10:37:48.364+01:00 [ERROR] svc=api status=503 msg="connection reset by peer" method=POST dur_ms=88 path=/cart user=u0030 req=r0001072
2026-03-14T09:40:18.900Z [INFO] req=r0000382 method=POST path=/login status=200 msg="ok" svc=auth user=u0011 dur_ms=263
2026-03-14T04:44:14.915-05:00 [INFO] svc=search msg="completed" status=200 dur_ms=256 method=GET req=r0000335 path=/search user=u0009
2026-03-14T10:13:51.854Z [INFO] status=201 req=r0000407 svc=auth msg="accepted" dur_ms=105 path=/login method=POST user=u0012
2026-03-14T09:46:48.528Z [INFO] req=r0001073 user=u0030 path=/suggest svc=search status=200 dur_ms=14 method=GET msg="completed"
2026-03-14T11:47:24.971+02:00 [INFO] msg="no changes" dur_ms=176 method=GET status=200 svc=media req=r0000860 user=u0025 path=/thumb
2026-03-14T09:48:04.435Z [INFO] path=/login status=201 req=r0000605 svc=auth user=u0017 dur_ms=54 msg="no changes" method=POST
2026-03-14T09:49:08.707Z [INFO] req=r0001074 status=200 dur_ms=30 user=u0030 method=GET svc=api msg="ok" path=/products
2026-03-14T09:49:23.318Z [INFO] dur_ms=36 req=r0000336 user=u0009 svc=auth path=/token/refresh msg="completed" status=201 method=POST
2026-03-14T09:50:21.158Z [ERROR] dur_ms=366 status=503 user=u0011 method=GET path=/products svc=api msg="failed to parse \"response\" body" req=r0000384
    at com.example.Handler.run(A.java:255)
    at com.example.Handler.run(B.java:335)
    at com.example.Handler.run(A.java:387)
    at com.example.Handler.run(A.java:76)
2026-03-14T08:06:48.971-05:00 [INFO] dur_ms=61 msg="accepted" path=/thumb status=200 method=GET req=r0000143 svc=media user=u0004
2026-03-14T09:53:11.088Z [WARN] status=404 msg="client sent malformed \"payload\"" req=r0000337 method=POST dur_ms=237 svc=billing user=u0009 path=/checkout
2026-03-14T09:56:10.463Z [INFO] path=/orders method=GET dur_ms=161 req=r0000385 status=200 msg="served from cache" svc=api user=u0011
2026-03-14T15:26:11.121+05:30 [WARN] svc=api status=429 path=/orders method=GET user=u0030 req=r0001075 dur_ms=69 msg="rate limited"
2026-03-14T09:56:39.674Z [INFO] method=POST status=200 msg="ok" path=/checkout user=u0017 req=r0000606 svc=billing dur_ms=345
2026-03-14T09:57:07.536Z [INFO] dur_ms=177 method=GET msg="no changes" svc=api req=r0000338 path=/orders status=200 user=u0009
2026-03-14T09:59:25.434Z [INFO] user=u0014 svc=search status=200 dur_ms=9 msg="served from cache" req=r0000478 method=GET path=/suggest
2026-03-14T09:59:41.539Z [INFO] dur_ms=560 path=/checkout status=200 msg="served from cache" svc=billing req=r0000339 method=POST user=u0009
2026-03-14T11:00:16.959+01:00 [INFO] req=r0000386 msg="completed" method=POST user=u0011 status=201 svc=auth dur_ms=67 path=/login
2026-03-14T11:00:26.860+01:00 [INFO] msg="served from cache" user=u0034 req=r0001226 status=200 dur_ms=127 path=/products method=GET svc=api
2026-03-14T10:00:52.071Z [INFO] status=304 msg="completed" svc=search dur_ms=16 user=u0034 path=/suggest req=r0001227 method=GET
2026-03-14T10:01:30.817Z [INFO] req=r0000607 msg="served from cache" user=u0017 dur_ms=123 svc=api status=200 path=/orders method=GET
2026-03-14T10:01:33.585Z [INFO] dur_ms=73 status=200 msg="completed" req=r0000340 user=u0009 path=/thumb svc=media method=GET
2026-03-14T10:01:58.764Z [INFO] svc=api path=/orders user=u0030 dur_ms=73 req=r0001076 msg="served from cache" method=GET status=200
2026-03-14T10:02:15.316Z [INFO] status=200 dur_ms=16 msg="accepted" user=u0011 method=GET path=/products svc=api req=r0000387
2026-03-14T05:02:23.521-05:00 [INFO] user=u0001 msg="completed" path=/login req=r0000024 svc=auth method=POST dur_ms=248 status=201
2026-03-14T10:02:49.815Z [INFO] dur_ms=72 method=GET status=200 user=u0034 msg="ok" path=/cart svc=api req=r0001228
2026-03-14T10:03:02.672Z [INFO] user=u0014 svc=auth status=200 msg="served from cache" req=r0000479 dur_ms=32 method=GET path=/users/me
2026-03-14T10:04:51.028Z [INFO] user=u0001 svc=search status=200 req=r0000025 method=GET path=/search dur_ms=505 msg="accepted"
2026-03-14T15:35:59.277+05:30 [INFO] msg="served from cache" svc=api method=GET dur_ms=91 req=r0000608 path=/orders user=u0017 status=200
2026-03-14T10:06:23.502Z [WARN] status=429 req=r0000341 dur_ms=19 svc=api msg="invalid parameter" path=/cart method=GET user=u0009
2026-03-14T07:52:02.803Z [INFO] user=u0013 dur_ms=28 method=GET path=/suggest req=r0000442 msg="no changes" status=200 svc=search
2026-03-14T10:09:15.922Z [INFO] method=POST msg="completed" status=200 svc=auth user=u0011 dur_ms=100 path=/token/refresh req=r0000388
2026-03-14T10:09:41.346Z [INFO] status=200 user=u0030 dur_ms=29 svc=search msg="no changes" req=r0001077 path=/suggest method=GET
2026-03-14T10:09:46.802Z [INFO] req=r0000405 svc=media dur_ms=114 status=200 method=GET user=u0012 msg="no changes" path=/thumb
2026-03-14T10:09:48.420Z [INFO] msg="completed" method=GET user=u0011 path=/cart status=200 req=r0000389 dur_ms=22 svc=api
2026-03-14T10:10:32.557Z [INFO] svc=search req=r0000026 path=/search method=GET dur_ms=221 user=u0001 msg="ok" status=304
2026-03-14T11:11:26.664+01:00 [INFO] path=/users/me dur_ms=53 method=GET status=304 svc=auth user=u0014 req=r0000480 msg="served from cache"
2026-03-14T10:11:30.457Z [INFO] path=/products svc=api msg="served from cache" status=200 req=r0000848 method=GET user=u0024 dur_ms=27
2026-03-14T15:41:53.492+05:30 [WARN] user=u0030 req=r0001078 method=POST status=404 dur_ms=134 svc=api msg="invalid parameter" path=/cart
2026-03-14T11:13:05.975+01:00 [INFO] user=u0012 svc=auth method=GET status=200 req=r0000406 path=/users/me dur_ms=15 msg="served from cache"
2026-03-14T09:45:01.825Z [INFO] dur_ms=91 path=/thumb svc=media req=r0000383 msg="no changes" user=u0011 method=GET status=200
2026-03-14T10:14:00.498Z [WARN] path=/cart status=400 msg="client sent malformed \"payload\"" method=POST user=u0017 dur_ms=63 req=r0000609 svc=api
2026-03-14T12:16:28.918+02:00 [INFO] msg="served from cache" path=/search svc=search dur_ms=268 status=200 method=GET user=u0014 req=r0000481
2026-03-14T12:16:37.015+02:00 [INFO] dur_ms=49 user=u0001 method=GET status=200 svc=api req=r0000027 msg="completed" path=/cart
2026-03-14T10:16:48.305Z [WARN] dur_ms=38 path=/users/me msg="client sent malformed \"payload\"" status=400 user=u0014 req=r0000482 svc=auth method=GET
2026-03-14T10:18:04.516Z [INFO] msg="no changes" status=200 user=u0030 svc=media method=POST path=/upload dur_ms=578 req=r0001079
2026-03-14T10:19:06.545Z [INFO] req=r0000390 status=200 svc=auth method=POST dur_ms=47 path=/token/refresh user=u0011 msg="completed"
2026-03-14T15:49:45.137+05:30 [INFO] path=/search dur_ms=183 svc=search status=304 method=GET msg="no changes" user=u0030 req=r0001080
2026-03-14T11:20:44.291+01:00 [INFO] req=r0000408 status=200 user=u0012 method=GET svc=api dur_ms=18 path=/cart msg="served from cache"
2026-03-14T15:53:22.518+05:30 [INFO] status=200 svc=media user=u0012 method=GET dur_ms=93 msg="completed" req=r0000409 path=/thumb
2026-03-14T10:23:50.546Z [INFO] status=200 path=/cart req=r0000391 svc=api user=u0011 method=GET dur_ms=40 msg="ok"
2026-03-14T10:24:26.285Z [INFO] status=201 path=/login user=u0011 dur_ms=99 method=POST msg="accepted" svc=auth req=r0000392
2026-03-14T05:25:04.753-05:00 [INFO] svc=auth method=POST dur_ms=40 status=200 msg="no changes" path=/token/refresh req=r0001081 user=u0030
2026-03-14T10:25:08.340Z [INFO] dur_ms=138 method=POST status=200 path=/cart req=r0000028 msg="accepted" user=u0001 svc=api
2026-03-14T10:25:11.023Z [INFO] req=r0000483 method=GET msg="no changes" user=u0014 dur_ms=19 path=/users/me svc=auth status=200
2026-03-14T12:25:43.695+02:00 [INFO] req=r0000393 status=200 user=u0011 msg="completed" method=POST path=/cart dur_ms=68 svc=api
2026-03-14T05:26:30.077-05:00 [INFO] req=r0000029 user=u0001 msg="ok" dur_ms=24 method=GET status=200 svc=api path=/cart
2026-03-14T11:29:07.947+01:00 [INFO] status=200 msg="accepted" req=r0001082 svc=api user=u0030 method=GET dur_ms=60 path=/orders
2026-03-14T11:07:55.288Z [INFO] svc=auth dur_ms=57 method=POST req=r0000471 path=/token/refresh status=201 user=u0013 msg="accepted"
2026-03-14T10:30:32.878Z [INFO] status=200 msg="completed" req=r0001083 dur_ms=40 method=GET path=/orders user=u0030 svc=api
2026-03-14T11:31:08.945+01:00 [INFO] user=u0011 method=GET dur_ms=42 msg="accepted" svc=api status=200 req=r0000394 path=/cart
2026-03-14T05:31:24.370-05:00 [INFO] method=POST dur_ms=12 msg="served from cache" user=u0001 status=201 path=/token/refresh svc=auth req=r0000030
2026-03-14T05:31:31.673-05:00 [INFO] req=r0000410 status=201 msg="completed" user=u0012 method=POST path=/login dur_ms=172 svc=auth
2026-03-14T10:32:44.958Z [INFO] status=200 user=u0012 svc=search msg="served from cache" method=GET req=r0000411 dur_ms=151 path=/search
2026-03-14T10:33:28.018Z [INFO] svc=api method=GET msg="accepted" user=u0001 status=200 dur_ms=50 req=r0000031 path=/orders
2026-03-14T11:33:47.464+01:00 [INFO] msg="completed" req=r0000485 path=/login svc=auth method=POST user=u0014 status=200 dur_ms=93
2026-03-14T10:34:53.296Z [INFO] path=/suggest method=GET dur_ms=21 req=r0000486 user=u0014 msg="no changes" status=200 svc=search
2026-03-14T10:35:16.434Z [INFO] dur_ms=47 status=200 user=u0011 path=/cart svc=api msg="accepted" method=GET req=r0000395
2026-03-14T10:36:44.116Z [INFO] msg="completed" status=200 svc=api user=u0034 req=r0001229 path=/orders dur_ms=68 method=GET
2026-03-14T12:37:11.254+02:00 [INFO] msg="served from cache" svc=search dur_ms=389 user=u0001 status=200 req=r0000032 path=/search method=GET
2026-03-14T11:37:21.463+01:00 [WARN] path=/invoices status=429 msg="client sent malformed \"payload\"" method=GET req=r0001298 dur_ms=75 user=u0036 svc=billing
2026-03-14T16:08:03.798+05:30 [INFO] req=r0001084 user=u0030 msg="accepted" dur_ms=108 status=200 svc=api method=GET path=/products
2026-03-14T05:40:07.497-05:00 [INFO] path=/users/me dur_ms=13 msg="no changes" status=304 user=u0012 req=r0000412 method=GET svc=auth
2026-03-14T05:40:34.702-05:00 [ERROR] msg="failed to parse \"response\" body" method=GET user=u0036 path=/suggest dur_ms=35 status=503 svc=search req=r0001299
2026-03-14T10:41:01.214Z [WARN] msg="rate limited" path=/products req=r0000466 dur_ms=119 user=u0013 svc=api status=400 method=GET
2026-03-14T10:41:17.252Z [INFO] msg="served from cache" req=r0000033 status=200 dur_ms=96 user=u0001 path=/thumb svc=media method=GET
2026-03-14T10:41:54.824Z [INFO] dur_ms=427 req=r0000413 user=u0012 msg="no changes" svc=media method=POST status=200 path=/upload
2026-03-14T10:42:31.074Z [INFO] status=200 method=GET dur_ms=116 svc=api user=u0014 req=r0000487 msg="served from cache" path=/orders
2026-03-14T16:13:15.985+05:30 [INFO] req=r0000034 user=u0001 msg="served from cache" svc=api status=200 method=GET path=/products dur_ms=152
2026-03-14T10:44:54.075Z [INFO] req=r0000414 path=/checkout method=POST status=201 user=u0012 svc=billing msg="no changes" dur_ms=476
2026-03-14T10:45:10.315Z [INFO] dur_ms=38 req=r0000415 path=/cart status=200 msg="no changes" user=u0012 svc=api method=GET
2026-03-14T10:46:20.324Z [INFO] dur_ms=470 req=r0001300 svc=search user=u0036 msg="no changes" path=/search status=200 method=GET
2026-03-14T12:46:24.638+02:00 [ERROR] path=/products req=r0001085 msg="connection reset by peer" dur_ms=173 user=u0030 method=GET svc=api status=502
    at com.example.Pool.run(A.java:347)
    at com.example.Pool.run(B.java:386)
    at com.example.Client.run(A.java:77)
2026-03-14T10:46:26.833Z [INFO] dur_ms=96 retry=1 path=/products user=u0030 req=r0001085 msg="no changes" status=304 method=GET svc=api
2026-03-14T11:46:29.586+01:00 [INFO] method=GET dur_ms=382 msg="completed" svc=api user=u0030 path=/products retry=2 req=r0001085 status=200
2026-03-14T10:47:31.285Z [INFO] user=u0013 msg="ok" status=200 dur_ms=49 method=GET req=r0000467 svc=media path=/thumb
2026-03-14T05:49:54.697-05:00 [INFO] user=u0001 path=/thumb svc=media msg="accepted" req=r0000035 method=GET status=200 dur_ms=56
2026-03-14T10:50:16.433Z [INFO] msg="accepted" dur_ms=76 status=200 method=GET path=/thumb svc=media user=u0014 req=r0000488
2026-03-14T10:50:59.347Z [INFO] msg="served from cache" dur_ms=105 status=201 req=r0001301 user=u0036 svc=api path=/cart method=POST
2026-03-14T10:51:24.823Z [INFO] path=/login msg="served from cache" status=200 req=r0000036 user=u0001 method=POST svc=auth dur_ms=79
2026-03-14T10:53:26.909Z [INFO] dur_ms=105 msg="served from cache" method=GET svc=api path=/products status=200 user=u0013 req=r0000468
2026-03-14T12:53:37.585+02:00 [INFO] svc=search path=/search user=u0012 status=200 msg="no changes" dur_ms=269 method=GET req=r0000416
2026-03-14T11:54:27.729+01:00 [INFO] status=200 path=/suggest req=r0001086 user=u0030 svc=search msg="served from cache" method=GET dur_ms=37
2026-03-14T10:54:56.089Z [INFO] dur_ms=135 req=r0000037 svc=api path=/cart method=POST status=200 msg="accepted" user=u0001
2026-03-14T05:55:58.097-05:00 [INFO] path=/orders user=u0036 method=GET msg="ok" dur_ms=61 svc=api req=r0001302 status=200
2026-03-14T10:56:23.825Z [INFO] dur_ms=52 req=r0000417 user=u0012 status=200 msg="completed" path=/thumb svc=media method=GET
2026-03-14T10:56:40.644Z [INFO] status=201 user=u0014 req=r0000489 msg="served from cache" svc=auth path=/login method=POST dur_ms=129
2026-03-14T10:58:05.221Z [WARN] user=u0013 req=r0000469 method=GET msg="resource not found" path=/orders svc=api dur_ms=17 status=404
2026-03-14T10:58:54.355Z [INFO] req=r0000418 dur_ms=143 status=200 msg="no changes" user=u0012 path=/cart svc=api method=POST
2026-03-14T06:00:29.548-05:00 [INFO] dur_ms=80 path=/cart status=200 method=POST msg="accepted" svc=api user=u0030 req=r0001087
2026-03-14T11:01:01.537Z [INFO] msg="completed" user=u0014 path=/token/refresh svc=auth req=r0000490 status=200 dur_ms=25 method=POST
2026-03-14T16:33:06.220+05:30 [INFO] svc=api user=u0012 req=r0000419 path=/cart method=GET msg="served from cache" status=200 dur_ms=13
2026-03-14T11:04:57.947Z [WARN] status=404 msg="resource not found" method=GET req=r0000491 dur_ms=35 user=u0014 path=/users/me svc=auth
2026-03-14T11:05:08.930Z [INFO] dur_ms=22 svc=auth req=r0001303 method=POST status=200 path=/token/refresh user=u0036 msg="completed"
2026-03-14T13:06:10.882+02:00 [INFO] path=/orders msg="ok" user=u0014 req=r0000492 dur_ms=84 status=200 svc=api method=GET
2026-03-14T09:36:37.277-05:00 [INFO] user=u0035 msg="no changes" dur_ms=169 method=POST status=201 req=r0001255 svc=auth path=/login
2026-03-14T06:07:42.259-05:00 [INFO] dur_ms=116 path=/login status=200 req=r0001088 svc=auth user=u0030 msg="served from cache" method=POST
2026-03-14T10:30:21.095Z [INFO] user=u0014 svc=auth dur_ms=37 msg="ok" req=r0000484 method=POST path=/token/refresh status=201
2026-03-14T13:09:16.130+02:00 [INFO] status=304 msg="served from cache" method=GET svc=api dur_ms=58 user=u0030 path=/orders req=r0001089
2026-03-14T16:39:38.177+05:30 [INFO] req=r0000493 method=GET user=u0014 path=/suggest dur_ms=10 msg="completed" svc=search status=200
2026-03-14T11:10:53.497Z [INFO] method=GET svc=api req=r0001090 status=304 msg="served from cache" user=u0030 dur_ms=50 path=/cart
2026-03-14T15:34:46.171+02:00 [INFO] path=/login status=200 svc=auth method=POST user=u0034 msg="no changes" dur_ms=94 req=r0001235
2026-03-14T11:11:49.876Z [INFO] msg="ok" svc=search method=GET user=u0036 dur_ms=206 path=/search status=200 req=r0001304
2026-03-14T11:12:21.937Z [ERROR] req=r0000472 msg="database unavailable" method=GET path=/orders dur_ms=170 svc=api user=u0013 status=503
2026-03-14T11:12:47.324Z [INFO] req=r0000420 dur_ms=32 svc=search method=GET path=/suggest msg="served from cache" status=200 user=u0012
2026-03-14T12:13:03.886+01:00 [INFO] msg="ok" user=u0011 req=r0000396 method=GET path=/suggest svc=search dur_ms=51 status=200
2026-03-14T11:13:37.279Z [INFO] user=u0014 dur_ms=91 path=/cart req=r0000494 status=200 svc=api msg="completed" method=POST
2026-03-14T12:13:41.185+01:00 [INFO] status=200 req=r0000495 dur_ms=180 svc=api user=u0014 method=GET msg="accepted" path=/orders
2026-03-14T11:15:01.171Z [INFO] dur_ms=77 req=r0000421 status=200 path=/users/me svc=auth msg="served from cache" user=u0012 method=GET
2026-03-14T11:15:07.216Z [INFO] path=/products method=GET dur_ms=70 svc=api msg="no changes" user=u0014 req=r0000496 status=200
2026-03-14T11:18:30.307Z [INFO] msg="accepted" method=GET req=r0000473 status=304 user=u0013 svc=search path=/search dur_ms=277
2026-03-14T16:49:05.448+05:30 [INFO] req=r0001092 msg="served from cache" dur_ms=136 status=200 user=u0030 path=/products svc=api method=GET
2026-03-14T11:21:23.477Z [INFO] user=u0011 status=200 method=GET req=r0000397 msg="no changes" path=/suggest svc=search dur_ms=17
2026-03-14T11:21:29.213Z [INFO] msg="no changes" path=/token/refresh req=r0001305 status=201 svc=auth method=POST dur_ms=35 user=u0036
2026-03-14T11:22:03.468Z [INFO] path=/token/refresh method=POST req=r0000497 user=u0014 svc=auth dur_ms=181 msg="completed" status=200
2026-03-14T11:22:12.901Z [INFO] status=304 user=u0036 msg="accepted" path=/invoices dur_ms=178 method=GET svc=billing req=r0001306
2026-03-14T11:22:27.987Z [INFO] svc=search method=GET path=/suggest user=u0012 req=r0000422 dur_ms=17 status=200 msg="ok"
2026-03-14T11:24:29.730Z [INFO] status=200 dur_ms=1319 path=/upload svc=media user=u0030 msg="completed" method=POST req=r0001093
2026-03-14T11:25:24.410Z [ERROR] msg="database unavailable" status=503 dur_ms=228 svc=api req=r0000474 user=u0013 method=GET path=/orders
2026-03-14T11:29:04.127Z [INFO] status=304 msg="served from cache" svc=search method=GET path=/suggest user=u0011 dur_ms=14 req=r0000398
2026-03-14T11:29:26.277Z [INFO] user=u0024 req=r0000849 msg="accepted" status=200 path=/users/me dur_ms=45 svc=auth method=GET
2026-03-14T14:15:52.051Z [INFO] req=r0000504 path=/thumb svc=media dur_ms=193 msg="served from cache" method=GET user=u0014 status=200
2026-03-14T11:29:48.553Z [INFO] user=u0024 path=/thumb msg="accepted" retry=1 svc=media status=200 req=r0000850 dur_ms=107 method=GET
2026-03-14T11:30:12.455Z [INFO] dur_ms=13 svc=auth path=/token/refresh user=u0024 msg="accepted" status=200 req=r0000851 method=POST
2026-03-14T11:30:13.483Z [INFO] req=r0000861 user=u0025 method=POST svc=media path=/upload msg="accepted" dur_ms=1049 status=200
2026-03-14T12:30:18.539+01:00 [INFO] status=200 method=GET msg="served from cache" svc=search user=u0036 path=/suggest req=r0001307 dur_ms=16
2026-03-14T11:30:20.077Z [INFO] msg="served from cache" path=/search status=200 method=GET req=r0000423 svc=search user=u0012 dur_ms=303
2026-03-14T11:30:35.950Z [INFO] dur_ms=94 req=r0001094 status=200 method=POST msg="no changes" svc=api user=u0030 path=/cart
2026-03-14T08:45:14.100Z [INFO] path=/products user=u0024 method=GET dur_ms=61 msg="ok" svc=api req=r0000839 status=200
2026-03-14T11:29:47.775Z [ERROR] msg="database unavailable" user=u0024 path=/thumb dur_ms=179 req=r0000850 method=GET status=500 svc=media
2026-03-14T12:31:58.990+01:00 [INFO] svc=auth msg="ok" req=r0000399 status=201 dur_ms=76 path=/login method=POST user=u0011
2026-03-14T11:33:36.285Z [INFO] msg="completed" status=200 path=/products svc=api dur_ms=56 user=u0024 req=r0000852 method=GET
2026-03-14T13:34:40.173+02:00 [INFO] svc=api method=GET path=/products msg="ok" req=r0000853 user=u0024 dur_ms=41 status=200
2026-03-14T11:34:44.439Z [INFO] method=GET req=r0000476 svc=auth msg="served from cache" status=200 path=/users/me dur_ms=25 user=u0013
2026-03-14T11:34:52.441Z [INFO] user=u0012 dur_ms=27 method=GET path=/suggest req=r0000424 msg="ok" svc=search status=200
2026-03-14T11:36:40.541Z [ERROR] dur_ms=172 req=r0000425 status=502 method=POST svc=auth msg="connection reset by peer" user=u0012 path=/token/refresh
2026-03-14T11:36:43.216Z [WARN] path=/token/refresh status=429 user=u0012 req=r0000425 retry=1 msg="resource not found" svc=auth dur_ms=61 method=POST
2026-03-14T12:36:44.963+01:00 [INFO] req=r0000863 path=/invoices msg="no changes" user=u0025 status=200 svc=billing dur_ms=163 method=GET
2026-03-14T06:37:07.481-05:00 [INFO] svc=auth method=POST dur_ms=56 msg="served from cache" req=r0001308 path=/token/refresh user=u0036 status=201
2026-03-14T06:37:52.518-05:00 [ERROR] msg="connection reset by peer" dur_ms=193 user=u0013 method=POST svc=auth status=503 req=r0001412 path=/login
2026-03-14T11:37:52.631Z [ERROR] msg="upstream timeout after 3 retries" status=503 user=u0005 path=/users/me svc=auth dur_ms=130 method=GET req=r0001414
    at com.example.Client.run(B.java:82)
    at com.example.Handler.run(B.java:176)
2026-03-14T06:37:53.426-05:00 [ERROR] method=GET user=u0014 msg="database unavailable" dur_ms=126 req=r0001413 svc=api path=/cart status=502
    at com.example.Pool.run(B.java:144)
    at com.example.Client.run(A.java:400)
    at com.example.Pool.run(A.java:108)
2026-03-14T11:38:05.196Z [ERROR] status=503 user=u0022 path=/users/me dur_ms=87 svc=auth req=r0001428 method=GET msg="failed to parse \"response\" body"
    at com.example.Pool.run(A.java:206)
    at com.example.Pool.run(A.java:329)
2026-03-14T13:38:05.259+02:00 [ERROR] svc=billing user=u0009 method=POST dur_ms=1074 path=/payments req=r0001411 status=503 msg="database unavailable"
    at com.example.Client.run(B.java:312)
    at com.example.Handler.run(B.java:295)
2026-03-14T11:38:08.996Z [ERROR] user=u0009 method=POST dur_ms=33 svc=auth msg="connection reset by peer" req=r0001417 status=502 path=/token/refresh
    at com.example.Handler.run(B.java:231)
    at com.example.Client.run(A.java:323)
    at com.example.Handler.run(B.java:69)
2026-03-14T17:08:10.976+05:30 [ERROR] dur_ms=431 svc=api msg="connection reset by peer" user=u0023 method=GET req=r0001419 status=503 path=/orders
2026-03-14T11:38:11.139Z [ERROR] user=u0009 svc=api method=GET req=r0001427 path=/cart msg="connection reset by peer" status=503 dur_ms=600
    at com.example.Handler.run(A.java:195)
    at com.example.Pool.run(A.java:96)
    at com.example.Handler.run(A.java:388)
    at com.example.Pool.run(B.java:96)
2026-03-14T11:38:12.695Z [ERROR] path=/suggest status=502 msg="failed to parse \"response\" body" user=u0033 method=GET svc=search req=r0001415 dur_ms=171
2026-03-14T11:38:15.420Z [ERROR] user=u0018 method=POST req=r0001426 path=/token/refresh svc=auth msg="connection reset by peer" dur_ms=63 status=503
    at com.example.Pool.run(B.java:294)
    at com.example.Handler.run(A.java:28)
2026-03-14T11:38:18.422Z [ERROR] msg="upstream timeout after 3 retries" method=POST dur_ms=297 svc=api status=503 user=u0026 req=r0001422 path=/cart
    at com.example.Client.run(B.java:137)
    at com.example.Client.run(B.java:388)
2026-03-14T11:38:20.416Z [ERROR] status=503 svc=billing method=GET msg="upstream timeout after 3 retries" user=u0015 dur_ms=1047 req=r0001416 path=/invoices
2026-03-14T11:38:22.736Z [ERROR] svc=api dur_ms=228 msg="connection reset by peer" status=503 path=/products req=r0001420 method=GET user=u0030
    at com.example.Client.run(B.java:117)
    at com.example.Client.run(A.java:174)
2026-03-14T11:38:24.748Z [ERROR] method=GET path=/suggest svc=search req=r0001425 dur_ms=120 status=503 msg="database unavailable" user=u0004
2026-03-14T12:38:28.457+01:00 [ERROR] user=u0038 path=/orders req=r0001418 status=503 msg="connection reset by peer" svc=api method=GET dur_ms=407
2026-03-14T13:38:09.575Z [INFO] dur_ms=102 msg="accepted" status=200 svc=api method=GET user=u0004 path=/products req=r0000147
2026-03-14T11:38:32.023Z [ERROR] dur_ms=306 path=/login msg="upstream timeout after 3 retries" method=POST svc=auth req=r0001424 user=u0031 status=500
2026-03-14T11:38:33.887Z [ERROR] req=r0001429 method=GET msg="upstream timeout after 3 retries" user=u0018 path=/suggest dur_ms=103 status=503 svc=search
    at com.example.Pool.run(B.java:155)
    at com.example.Pool.run(A.java:300)
    at com.example.Pool.run(A.java:37)
2026-03-14T11:38:35.703Z [ERROR] svc=billing path=/checkout status=500 method=POST msg="failed to parse \"response\" body" req=r0001423 user=u0038 dur_ms=1228
2026-03-14T11:38:42.976Z [ERROR] status=503 path=/products msg="upstream timeout after 3 retries" req=r0001421 svc=api dur_ms=438 method=GET user=u0020
    at com.example.Handler.run(A.java:364)
    at com.example.Pool.run(B.java:128)
    at com.example.Pool.run(A.java:138)
2026-03-14T12:39:21.247+01:00 [INFO] req=r0000864 msg="accepted" method=GET svc=api status=200 user=u0025 dur_ms=22 path=/orders
2026-03-14T17:09:37.187+05:30 [INFO] req=r0000400 svc=media path=/thumb user=u0011 msg="served from cache" status=200 dur_ms=70 method=GET
2026-03-14T11:40:56.298Z [INFO] path=/token/refresh svc=auth user=u0012 method=POST msg="no changes" status=201 dur_ms=32 req=r0000426
2026-03-14T11:45:08.167Z [INFO] status=200 path=/products dur_ms=33 req=r0000865 svc=api method=GET msg="served from cache" user=u0025
2026-03-14T11:46:25.741Z [INFO] path=/cart method=POST dur_ms=211 req=r0000401 svc=api user=u0011 msg="served from cache" status=200
2026-03-14T11:47:16.675Z [INFO] req=r0000855 path=/cart msg="ok" dur_ms=27 method=GET user=u0024 svc=api status=200
2026-03-14T11:47:18.021Z [INFO] dur_ms=43 user=u0012 req=r0000427 msg="accepted" svc=billing status=200 path=/invoices method=GET
2026-03-14T11:48:22.484Z [INFO] user=u0025 msg="served from cache" dur_ms=243 status=200 svc=billing path=/payments method=POST req=r0000866
2026-03-14T13:48:33.069+02:00 [INFO] user=u0011 dur_ms=60 method=POST path=/token/refresh svc=auth req=r0000402 msg="served from cache" status=200
2026-03-14T11:50:14.619Z [INFO] method=POST req=r0001230 msg="completed" svc=auth status=201 dur_ms=28 user=u0034 path=/token/refresh
2026-03-14T06:53:58.288-05:00 [INFO] path=/cart svc=api msg="no changes" dur_ms=22 req=r0000867 status=200 method=GET user=u0025
2026-03-14T11:56:48.213Z [INFO] method=GET dur_ms=93 path=/products svc=api status=200 user=u0024 msg="completed" req=r0000856
2026-03-14T11:57:58.556Z [INFO] method=POST status=200 req=r0001231 dur_ms=376 msg="ok" user=u0034 svc=billing path=/checkout
2026-03-14T12:00:11.866Z [INFO] status=200 dur_ms=490 user=u0025 msg="served from cache" svc=media req=r0000868 path=/upload method=POST
2026-03-14T12:01:05.592Z [INFO] method=GET svc=search msg="no changes" status=200 dur_ms=299 path=/search req=r0001232 user=u0034
2026-03-14T14:03:43.344+02:00 [INFO] user=u0024 msg="completed" svc=media req=r0000857 path=/thumb dur_ms=62 method=GET status=200
2026-03-14T14:04:44.439+02:00 [INFO] dur_ms=209 req=r0000477 msg="accepted" user=u0013 path=/orders method=GET status=200 svc=api
2026-13-40T99:99:99.000Z [INFO] impossible timestamp
2026-03-14T07:08:46.268-05:00 [INFO] msg="ok" method=POST svc=api dur_ms=71 user=u0004 path=/cart status=200 req=r0000130
2026-03-14T07:08:54.373-05:00 [INFO] msg="ok" status=200 req=r0001233 method=GET dur_ms=18 svc=api user=u0034 path=/products
2026-03-14T17:40:42.945+05:30 [INFO] user=u0018 dur_ms=29 msg="accepted" method=GET req=r0000610 status=200 svc=auth path=/users/me
2026-03-14T12:12:05.889Z [INFO] path=/suggest dur_ms=9 status=200 user=u0024 method=GET svc=search req=r0000858 msg="no changes"
2026-03-14T13:13:48.654+01:00 [INFO] svc=search status=200 dur_ms=135 method=GET req=r0000131 path=/search msg="completed" user=u0004
2026-03-14T15:58:19.218Z [INFO] status=200 msg="ok" path=/search user=u0010 dur_ms=199 svc=search method=GET req=r0000349
2026-03-14T12:17:02.303Z [INFO] method=GET path=/orders status=200 svc=api req=r0000132 msg="served from cache" dur_ms=45 user=u0004
2026-03-14T17:48:48.288+05:30 [INFO] user=u0024 req=r0000859 svc=billing dur_ms=279 msg="accepted" status=201 method=POST path=/checkout
2026-03-14T12:20:03.696Z [INFO] path=/cart dur_ms=53 req=r0000133 status=200 user=u0004 msg="served from cache" svc=api method=GET
2026-03-14T12:20:31.860Z [INFO] method=GET path=/thumb user=u0018 req=r0000612 dur_ms=83 msg="ok" svc=media status=200
2026-03-14T12:25:37.771Z [INFO] user=u0004 status=200 path=/products svc=api dur_ms=50 method=GET msg="completed" req=r0000134
2026-03-14T12:28:51.440Z [INFO] req=r0000135 path=/orders user=u0004 status=304 dur_ms=116 svc=api msg="accepted" method=GET
2026-03-14T14:35:31.216+02:00 [INFO] status=200 user=u0004 method=GET req=r0000136 path=/thumb dur_ms=51 msg="completed" svc=media
2026-03-14T12:37:54.350Z [INFO] req=r0000038 dur_ms=73 user=u0001 msg="served from cache" path=/users/me status=304 svc=auth method=GET
2026-03-14T06:06:49.410-05:00 [INFO] svc=auth method=GET status=200 dur_ms=39 user=u0013 path=/users/me req=r0000470 msg="accepted"
2026-03-14T12:46:17.508Z [INFO] method=POST req=r0000138 path=/token/refresh svc=auth dur_ms=22 status=201 user=u0004 msg="accepted"
2026-03-14T07:49:40.248-05:00 [INFO] status=200 msg="ok" dur_ms=46 req=r0000403 path=/cart user=u0011 svc=api method=POST
2026-03-14T12:50:50.116Z [INFO] msg="completed" user=u0004 dur_ms=44 method=GET path=/orders svc=api req=r0000139 status=200
2026-03-14T12:59:02.100Z [INFO] svc=api user=u0004 req=r0000140 method=POST status=200 dur_ms=163 msg="no changes" path=/cart
2026-03-14T12:59:46.627Z [INFO] msg="completed" status=200 svc=api path=/orders user=u0004 method=GET req=r0000141 dur_ms=140
2026-03-14T13:05:07.391Z [INFO] method=GET status=200 svc=api user=u0004 path=/cart msg="ok" dur_ms=20 req=r0000142
2026-03-14T09:50:22.567Z [INFO] dur_ms=53 method=GET req=r0000384 retry=1 status=200 svc=api msg="accepted" user=u0011 path=/products
2026-03-14T13:08:34.840Z [INFO] method=GET msg="completed" req=r0001309 path=/users/me svc=auth dur_ms=18 status=200 user=u0036
2026-03-14T13:13:09.159Z [INFO] msg="no changes" dur_ms=21 req=r0000711 status=200 svc=search path=/suggest user=u0021 method=GET
2026-03-14T13:14:19.909Z [INFO] path=/search user=u0004 status=200 msg="accepted" dur_ms=271 req=r0000144 svc=search method=GET
2026-03-14T08:16:16.247-05:00 [INFO] dur_ms=133 user=u0036 req=r0001310 path=/cart msg="accepted" svc=api status=201 method=POST
2026-03-14T08:17:44.863-05:00 [INFO] dur_ms=652 path=/payments status=200 req=r0000498 user=u0014 msg="completed" svc=billing method=POST
2026-03-14T13:19:23.006Z [INFO] svc=search user=u0021 req=r0000712 path=/suggest msg="served from cache" method=GET status=200 dur_ms=42
2026-03-14T13:20:32.182Z [INFO] dur_ms=189 user=u0021 msg="completed" method=GET path=/search req=r0000713 svc=search status=200
2026-03-14T13:21:59.258Z [WARN] path=/products msg="invalid parameter" user=u0014 dur_ms=71 svc=api status=404 req=r0000499 method=GET
2026-03-14T14:22:48.526+01:00 [INFO] msg="served from cache" method=GET req=r0000145 svc=search path=/search status=200 user=u0004 dur_ms=202
2026-03-14T13:23:24.708Z [INFO] svc=api dur_ms=148 path=/orders msg="ok" user=u0036 req=r0001311 method=GET status=200
2026-03-14T13:25:02.035Z [INFO] dur_ms=85 req=r0000613 path=/products method=GET msg="completed" status=200 user=u0018 svc=api
2026-03-14T14:27:37.068+01:00 [INFO] user=u0018 method=GET svc=search msg="no changes" path=/suggest req=r0000614 status=200 dur_ms=53
2026-03-14T14:28:47.863+01:00 [INFO] svc=auth method=GET req=r0000714 path=/users/me msg="no changes" user=u0021 dur_ms=56 status=200
2026-03-14T15:30:19.238+02:00 [INFO] req=r0000869 svc=api msg="no changes" status=200 dur_ms=89 path=/cart method=GET user=u0025
2026-03-14T13:30:46.260Z [INFO] status=200 dur_ms=19 msg="no changes" method=GET req=r0000715 svc=search user=u0021 path=/suggest
2026-03-14T13:30:48.637Z [INFO] svc=billing req=r0001234 status=200 user=u0034 dur_ms=283 method=POST path=/checkout msg="accepted"
2026-03-14T13:31:26.748Z [INFO] method=POST req=r0000146 msg="ok" svc=api dur_ms=64 status=200 path=/cart user=u0004
2026-03-14T16:41:10.170+01:00 [INFO] user=u0018 dur_ms=105 msg="ok" method=GET req=r0000629 path=/orders status=200 svc=api
2026-03-14T11:11:34.733Z [INFO] dur_ms=28 user=u0030 req=r0001091 status=201 method=POST path=/token/refresh svc=auth msg="served from cache"
2026-03-14T15:35:36.528+02:00 [WARN] path=/search msg="resource not found" user=u0025 method=GET status=400 dur_ms=374 req=r0000870 svc=search
2026-03-14T14:36:25.937+01:00 [INFO] req=r0001236 status=201 method=POST svc=auth dur_ms=198 msg="no changes" path=/login user=u0034
2026-03-14T13:36:26.398Z [INFO] user=u0021 path=/login svc=auth msg="ok" dur_ms=369 req=r0000716 method=POST status=200
2026-03-14T19:07:25.272+05:30 [INFO] svc=billing method=POST user=u0018 status=201 path=/payments req=r0000615 dur_ms=325 msg="served from cache"
2026-03-14T13:38:29.410+02:00 [WARN] method=GET msg="client sent malformed \"payload\"" status=400 path=/suggest req=r0000854 svc=search dur_ms=23 user=u0024
2026-03-14T13:38:28.587Z [INFO] user=u0021 path=/token/refresh method=POST status=201 msg="no changes" svc=auth dur_ms=26 req=r0000717
2026-03-14T15:40:01.558+02:00 [INFO] status=200 svc=auth dur_ms=47 msg="completed" user=u0004 method=GET req=r0000148 path=/users/me
2026-03-14T13:40:09.774Z [INFO] status=200 user=u0018 dur_ms=79 path=/thumb svc=media msg="completed" req=r0000616 method=GET
2026-03-14T14:40:23.091+01:00 [INFO] svc=billing dur_ms=80 path=/payments method=POST user=u0004 req=r0000149 status=200 msg="no changes"
2026-03-14T08:41:07.146-05:00 [INFO] method=GET user=u0036 req=r0001313 svc=search msg="ok" status=304 path=/suggest dur_ms=17
2026-03-14T13:42:09.883Z [WARN] method=POST path=/checkout status=404 svc=billing req=r0000342 user=u0010 msg="client sent malformed \"payload\"" dur_ms=286
2026-03-14T13:43:34.569Z [INFO] method=GET msg="completed" svc=auth status=200 req=r0000871 user=u0025 path=/users/me dur_ms=57
2026-03-14T14:47:15.703+01:00 [INFO] svc=api path=/orders method=GET status=200 req=r0000718 msg="served from cache" dur_ms=71 user=u0021
2026-03-14T13:47:47.915Z [INFO] path=/upload msg="ok" svc=media method=POST dur_ms=972 req=r0000150 user=u0004 status=200
2026-03-14T14:50:53.470+01:00 [INFO] dur_ms=29 status=200 path=/products method=GET msg="no changes" svc=api user=u0036 req=r0001314
2026-03-14T13:51:59.258Z [INFO] msg="ok" status=200 req=r0000500 method=GET svc=api dur_ms=32 path=/products user=u0014
2026-03-14T13:56:01.349Z [INFO] path=/orders msg="no changes" svc=api method=GET dur_ms=67 req=r0000501 status=200 user=u0014
2026-03-14T13:57:37.721Z [INFO] status=200 dur_ms=937 msg="accepted" user=u0004 svc=media method=POST req=r0000151 path=/upload
2026-03-14T13:57:51.100Z [INFO] svc=search path=/search req=r0000152 msg="served from cache" dur_ms=305 user=u0004 method=GET status=200
2026-03-14T13:59:35.977Z [INFO] dur_ms=102 status=200 path=/orders req=r0000502 msg="accepted" svc=api method=GET user=u0014
2026-03-14T14:00:10.932Z [INFO] user=u0035 dur_ms=34 msg="ok" svc=api method=GET req=r0001248 path=/products status=200
2026-03-14T19:30:50.066+05:30 [INFO] svc=search path=/suggest msg="served from cache" user=u0036 status=304 req=r0001315 dur_ms=46 method=GET
2026-03-14T16:02:40.798+02:00 [INFO] svc=api user=u0004 msg="served from cache" dur_ms=66 path=/orders method=GET req=r0000153 status=200
2026-03-14T15:05:27.324+01:00 [INFO] path=/login user=u0035 dur_ms=74 req=r0001249 status=201 svc=auth msg="ok" method=POST
2026-03-14T14:05:29.219Z [INFO] dur_ms=40 method=GET svc=api user=u0004 status=200 req=r0000154 msg="accepted" path=/products
2026-03-14T15:05:59.229+01:00 [INFO] req=r0000503 status=200 dur_ms=45 user=u0014 msg="completed" method=GET svc=api path=/orders
2026-03-14T14:06:20.940Z [INFO] req=r0001316 method=GET svc=auth msg="completed" path=/users/me user=u0036 dur_ms=50 status=200
2026-03-14T14:09:11.413Z [INFO] method=GET status=200 dur_ms=83 user=u0035 path=/products svc=api req=r0001250 msg="served from cache"
2026-03-14T14:09:28.514Z [INFO] method=POST msg="ok" path=/login dur_ms=204 user=u0036 req=r0001317 status=201 svc=auth
2026-03-14T14:11:16.892Z [INFO] path=/search status=200 req=r0001318 dur_ms=135 msg="accepted" method=GET user=u0036 svc=search
2026-03-14T14:11:34.575Z [WARN] status=400 req=r0001319 dur_ms=116 path=/products svc=api user=u0036 msg="rate limited" method=GET
2026-03-14T14:11:38.613Z [INFO] svc=api req=r0001237 status=200 dur_ms=61 user=u0034 msg="ok" method=GET path=/orders
2026-03-14T09:12:11.052-05:00 [INFO] msg="served from cache" svc=auth dur_ms=28 path=/users/me method=GET req=r0001320 user=u0036 status=200
2026-03-14T11:31:20.439Z [INFO] msg="served from cache" status=200 req=r0000475 method=GET path=/suggest user=u0013 svc=search dur_ms=59
2026-03-14T14:16:04.428Z [INFO] dur_ms=68 method=GET status=200 svc=api path=/orders user=u0035 req=r0001251 msg="served from cache"
2026-03-14T09:16:21.994-05:00 [ERROR] path=/upload msg="upstream timeout after 3 retries" status=502 user=u0036 method=POST req=r0001321 svc=media dur_ms=1538
2026-03-14T15:17:11.274+01:00 [ERROR] svc=auth req=r0000505 user=u0014 path=/users/me msg="connection reset by peer" status=503 method=GET dur_ms=61
2026-03-14T14:17:13.813Z [INFO] status=201 svc=auth user=u0014 path=/users/me retry=1 dur_ms=101 method=GET msg="ok" req=r0000505
2026-03-14T14:17:15.855Z [INFO] method=GET req=r0000505 retry=2 user=u0014 status=201 path=/users/me msg="ok" svc=auth dur_ms=547
2026-03-14T09:18:52.100-05:00 [INFO] msg="completed" status=201 method=POST req=r0001238 dur_ms=110 path=/cart svc=api user=u0034
2026-03-14T14:20:06.861Z [INFO] path=/cart req=r0001239 msg="accepted" dur_ms=65 status=200 user=u0034 method=GET svc=api
2026-03-14T14:20:26.646Z [INFO] msg="accepted" req=r0000506 svc=auth dur_ms=26 path=/users/me user=u0014 status=200 method=GET
2026-03-14T14:20:30.145Z [INFO] svc=auth user=u0036 req=r0001322 status=200 msg="served from cache" path=/login method=POST dur_ms=99
2026-03-14T19:50:56.721+05:30 [INFO] method=GET msg="accepted" dur_ms=95 status=200 user=u0014 path=/search req=r0000507 svc=search
2026-03-14T14:24:27.273Z [INFO] msg="completed" path=/orders method=GET status=200 user=u0035 dur_ms=47 req=r0001252 svc=api
2026-03-14T14:26:38.379Z [INFO] status=200 user=u0036 req=r0001323 path=/products svc=api method=GET msg="served from cache" dur_ms=89
2026-03-14T14:27:49.911Z [INFO] user=u0014 path=/users/me status=200 svc=auth dur_ms=66 method=GET msg="accepted" req=r0000508
2026-03-14T18:56:23.129+01:00 [INFO] msg="completed" method=POST status=200 req=r0000562 dur_ms=182 user=u0016 svc=auth path=/login
2026-03-14T14:30:40.367Z [INFO] dur_ms=26 status=200 method=POST path=/token/refresh msg="served from cache" svc=auth user=u0035 req=r0001253
2026-03-14T15:32:18.734+01:00 [ERROR] method=GET user=u0035 msg="connection reset by peer" path=/search req=r0001254 svc=search dur_ms=695 status=500
    at com.example.Pool.run(B.java:235)
    at com.example.Pool.run(A.java:71)
2026-03-14T14:32:18.938Z [ERROR] status=503 svc=search method=GET dur_ms=400 user=u0035 msg="upstream timeout after 3 retries" retry=1 req=r0001254 path=/search
    at com.example.Handler.run(A.java:144)
    at com.example.Handler.run(A.java:64)
    at com.example.Client.run(B.java:257)
2026-03-14T09:32:20.155-05:00 [ERROR] method=GET retry=2 req=r0001254 dur_ms=215 svc=search path=/search status=500 user=u0035 msg="upstream timeout after 3 retries"
    at com.example.Handler.run(A.java:114)
    at com.example.Handler.run(B.java:250)
2026-03-14T15:33:37.907+01:00 [INFO] dur_ms=201 method=GET path=/products req=r0000509 msg="ok" user=u0014 svc=api status=200
2026-03-14T14:33:53.945Z [INFO] req=r0000039 msg="accepted" svc=api user=u0001 dur_ms=47 path=/products method=GET status=304
2026-03-14T14:34:52.079Z [INFO] method=GET svc=api msg="accepted" path=/orders dur_ms=193 user=u0034 req=r0001241 status=200
2026-03-14T14:35:45.288Z [INFO] status=200 dur_ms=158 msg="completed" user=u0018 path=/login req=r0000617 svc=auth method=POST
2026-03-14T14:36:27.042Z [INFO] msg="accepted" req=r0001324 user=u0036 path=/checkout status=201 method=POST svc=billing dur_ms=336
2026-03-14T14:41:07.670+02:00 [INFO] svc=search dur_ms=367 user=u0004 msg="served from cache" status=200 req=r0000137 method=GET path=/search
2026-03-14T20:10:01.035+05:30 [INFO] dur_ms=44 method=POST svc=auth req=r0001242 msg="ok" path=/token/refresh user=u0034 status=200
2026-03-14T20:12:59.786+05:30 [INFO] svc=api path=/products req=r0000510 dur_ms=42 method=GET status=200 user=u0014 msg="ok"
2026-03-14T10:58:41.323-05:00 [INFO] method=GET msg="no changes" status=200 req=r0000040 path=/invoices svc=billing dur_ms=278 user=u0001
2026-03-14T15:43:59.437+01:00 [INFO] user=u0035 status=200 svc=api dur_ms=50 path=/products msg="ok" method=GET req=r0001256
2026-03-14T16:44:54.473+02:00 [INFO] status=200 user=u0018 method=GET msg="served from cache" path=/suggest req=r0000618 dur_ms=8 svc=search
2026-03-14T16:46:48.849+02:00 [INFO] status=200 method=GET req=r0001243 svc=api dur_ms=66 msg="no changes" path=/cart user=u0034
2026-03-14T09:46:58.986-05:00 [INFO] user=u0034 status=200 method=GET req=r0001244 path=/suggest svc=search msg="completed" dur_ms=39
2026-03-14T14:48:11.022Z [INFO] status=200 method=GET msg="completed" path=/cart req=r0000619 user=u0018 svc=api dur_ms=16
2026-03-14T14:52:39.092Z [INFO] user=u0036 req=r0001326 method=GET dur_ms=69 svc=api path=/cart msg="ok" status=200
2026-03-14T16:53:11.127+02:00 [ERROR] req=r0000620 svc=search path=/search status=503 method=GET dur_ms=324 user=u0018 msg="failed to parse \"response\" body"
2026-03-14T14:56:24.794Z [INFO] status=200 msg="no changes" dur_ms=127 svc=search req=r0001245 user=u0034 method=GET path=/search
2026-03-14T14:57:49.779Z [INFO] path=/suggest msg="accepted" user=u0034 method=GET req=r0001246 dur_ms=44 svc=search status=200
2026-03-14T16:58:50.444+02:00 [WARN] status=429 method=GET svc=auth dur_ms=44 user=u0018 msg="resource not found" req=r0000621 path=/users/me
2026-03-14T15:59:57.344+01:00 [INFO] user=u0034 method=GET status=200 msg="served from cache" svc=api path=/orders req=r0001247 dur_ms=59
2026-03-14T17:02:41.505+02:00 [INFO] method=POST status=200 svc=billing req=r0000622 user=u0018 dur_ms=239 msg="no changes" path=/checkout
2026-03-14T10:06:33.203-05:00 [INFO] msg="no changes" req=r0000623 status=200 dur_ms=75 svc=media path=/thumb method=GET user=u0018
2026-03-14T15:10:30.352Z [INFO] method=POST svc=auth status=200 req=r0000719 msg="served from cache" path=/login dur_ms=162 user=u0021
2026-03-14T15:14:06.557Z [INFO] dur_ms=81 path=/products status=200 req=r0000624 msg="no changes" user=u0018 method=GET svc=api
2026-03-14T16:14:52.570+01:00 [INFO] path=/invoices dur_ms=124 req=r0000531 method=GET msg="ok" user=u0016 svc=billing status=304
2026-03-14T15:15:04.336Z [INFO] path=/products dur_ms=83 user=u0021 svc=api status=200 msg="accepted" method=GET req=r0000720
2026-03-14T20:45:30.156+05:30 [INFO] status=200 svc=api user=u0035 dur_ms=59 path=/products method=GET req=r0001257 msg="served from cache"
2026-03-14T10:19:05.220-05:00 [INFO] user=u0021 method=POST req=r0000721 dur_ms=386 status=200 path=/cart svc=api msg="served from cache"
2026-03-14T15:19:48.778Z [ERROR] msg="connection reset by peer" path=/checkout method=POST svc=billing req=r0000625 dur_ms=875 user=u0018 status=503
    at com.example.Client.run(A.java:231)
    at com.example.Handler.run(B.java:268)
    at com.example.Client.run(B.java:50)
    at com.example.Client.run(A.java:213)
2026-03-14T16:20:32.435+01:00 [INFO] user=u0016 svc=api dur_ms=58 msg="completed" status=200 method=GET req=r0000532 path=/cart
2026-03-14T15:20:45.281Z [INFO] svc=auth req=r0000343 status=200 path=/token/refresh user=u0010 dur_ms=60 method=POST msg="no changes"
2026-03-14T10:22:57.211-05:00 [INFO] dur_ms=41 svc=media method=GET msg="accepted" status=200 req=r0001258 path=/thumb user=u0035
2026-03-14T16:23:52.410+01:00 [INFO] user=u0018 path=/products status=200 req=r0000626 dur_ms=113 svc=api method=GET msg="served from cache"
2026-03-14T15:26:19.600Z [INFO] req=r0000627 path=/cart status=200 user=u0018 dur_ms=50 method=GET msg="no changes" svc=api
2026-03-14T15:26:20.274Z [INFO] status=200 svc=billing method=POST msg="completed" user=u0021 req=r0000722 path=/checkout dur_ms=733
2026-03-14T15:27:54.160Z [INFO] svc=auth status=200 msg="completed" method=POST req=r0000533 dur_ms=24 user=u0016 path=/token/refresh
2026-03-14T10:29:57.854-05:00 [WARN] user=u0010 status=404 method=POST dur_ms=251 msg="rate limited" svc=auth path=/login req=r0000344
2026-03-14T17:30:21.980+02:00 [INFO] dur_ms=607 path=/payments msg="accepted" method=POST req=r0000534 status=201 user=u0016 svc=billing
2026-03-14T21:01:23.808+05:30 [INFO] svc=api dur_ms=44 msg="ok" path=/products user=u0035 method=GET status=200 req=r0001259
2026-03-14T15:32:50.628Z [INFO] dur_ms=52 path=/cart svc=api req=r0000723 status=200 user=u0021 msg="served from cache" method=GET
2026-03-14T17:32:51.692+02:00 [INFO] status=200 method=GET path=/suggest svc=search msg="completed" req=r0000628 dur_ms=69 user=u0018
2026-03-14T15:34:33.433Z [INFO] path=/checkout status=201 user=u0016 dur_ms=712 method=POST req=r0000535 msg="completed" svc=billing
2026-03-14T15:34:56.857Z [INFO] svc=api dur_ms=87 status=200 req=r0000536 path=/cart msg="completed" method=POST user=u0016
2026-03-14T15:35:31.769Z [INFO] status=200 dur_ms=43 path=/products user=u0025 svc=api msg="no changes" method=GET req=r0000872
2026-03-14T15:36:45.061Z [INFO] status=201 dur_ms=67 method=POST svc=api user=u0021 req=r0000724 msg="served from cache" path=/cart
2026-03-14T15:37:49.488Z [INFO] msg="no changes" req=r0000725 path=/thumb status=200 dur_ms=61 method=GET user=u0021 svc=media
2026-03-14T15:39:22.798Z [INFO] status=200 method=GET svc=search user=u0010 path=/search req=r0000345 dur_ms=508 msg="no changes"
2026-03-14T17:39:43.624+02:00 [INFO] user=u0035 msg="served from cache" req=r0001260 svc=api method=POST dur_ms=67 path=/cart status=200
2026-03-14T13:31:45.602Z [INFO] req=r0001312 method=GET path=/suggest msg="served from cache" svc=search status=200 dur_ms=12 user=u0036
2026-03-14T15:42:02.733Z [INFO] path=/users/me msg="accepted" user=u0025 status=200 req=r0000873 dur_ms=15 method=GET svc=auth
2026-03-14T15:42:26.603Z [INFO] status=200 path=/orders method=GET req=r0000537 svc=api user=u0016 dur_ms=80 msg="no changes"
2026-03-14T15:44:58.371Z [INFO] method=GET req=r0000630 msg="no changes" user=u0018 svc=api status=200 dur_ms=35 path=/products
2026-03-14T10:45:16.784-05:00 [WARN] method=POST msg="client sent malformed \"payload\"" path=/checkout user=u0021 req=r0000726 status=429 dur_ms=674 svc=billing
2026-03-14T16:45:55.274+01:00 [INFO] msg="ok" path=/thumb svc=media user=u0025 req=r0000874 status=200 dur_ms=36 method=GET
2026-03-14T15:47:03.142Z [INFO] svc=auth req=r0000346 user=u0010 msg="no changes" status=200 method=GET path=/users/me dur_ms=38
2026-03-14T10:47:51.009-05:00 [ERROR] method=GET status=502 msg="database unavailable" user=u0016 svc=search dur_ms=235 req=r0000538 path=/search
2026-03-14T15:48:17.362Z [INFO] dur_ms=53 status=200 method=GET req=r0001261 path=/orders user=u0035 msg="accepted" svc=api
2026-03-14T21:19:22.456+05:30 [INFO] dur_ms=12 msg="completed" method=GET status=304 user=u0018 path=/suggest req=r0000631 svc=search
2026-03-14T15:50:42.560Z [INFO] user=u0010 svc=api method=GET dur_ms=34 status=200 msg="ok" path=/cart req=r0000347
2026-03-14T15:51:05.989Z [INFO] status=201 method=POST req=r0000539 dur_ms=838 user=u0016 path=/upload msg="ok" svc=media
2026-03-14T15:53:13.737Z [INFO] dur_ms=42 msg="completed" svc=api req=r0000632 status=200 user=u0018 method=GET path=/cart
2026-03-14T10:54:12.254-05:00 [INFO] user=u0021 req=r0000727 path=/suggest dur_ms=14 method=GET svc=search status=200 msg="completed"
2026-03-14T15:54:31.368Z [INFO] dur_ms=49 status=200 path=/orders method=GET svc=api req=r0000875 user=u0025 msg="accepted"
2026-03-14T15:55:57.805Z [INFO] msg="completed" dur_ms=116 svc=media path=/thumb status=200 req=r0000348 user=u0010 method=GET
2026-03-14T15:56:09.893Z [INFO] dur_ms=39 status=200 msg="no changes" method=GET user=u0035 path=/thumb req=r0001262 svc=media
2026-03-14T15:56:10.667Z [WARN] dur_ms=709 svc=billing req=r0000540 status=400 user=u0016 msg="resource not found" path=/checkout method=POST
2026-03-14T15:56:19.082Z [INFO] svc=api user=u0021 status=201 msg="ok" path=/cart method=POST dur_ms=290 req=r0000728
2026-03-14T15:56:48.909Z [INFO] method=POST req=r0000876 status=201 svc=auth user=u0025 dur_ms=100 msg="completed" path=/login
2026-03-14T12:16:02.515Z [INFO] msg="completed" dur_ms=80 method=GET path=/products svc=api req=r0000611 status=200 user=u0018
2026-03-14T14:43:29.002Z [WARN] msg="rate limited" path=/orders req=r0001325 svc=api dur_ms=29 method=GET status=404 user=u0036
2026-03-14T11:00:02.018-05:00 [INFO] req=r0000633 method=POST msg="completed" svc=billing user=u0018 dur_ms=303 status=201 path=/checkout
2026-03-14T18:01:08.699+02:00 [INFO] user=u0021 path=/users/me msg="completed" status=200 req=r0000729 method=GET svc=auth dur_ms=26
2026-03-14T17:01:08.768+01:00 [INFO] msg="no changes" dur_ms=353 svc=billing user=u0025 path=/checkout status=200 method=POST req=r0000877
2026-03-14T16:01:23.272Z [INFO] svc=search method=GET req=r0000634 user=u0018 dur_ms=23 status=200 msg="completed" path=/suggest
2026-03-14T16:02:09.159Z [INFO] msg="no changes" svc=search req=r0000730 method=GET user=u0021 status=200 dur_ms=271 path=/search
2026-03-14T17:03:11.566+01:00 [INFO] user=u0018 svc=billing req=r0000635 msg="ok" dur_ms=516 method=POST status=200 path=/payments
2026-03-14T11:03:53.089-05:00 [INFO] status=200 dur_ms=112 path=/cart svc=api msg="served from cache" req=r0000041 method=POST user=u0001
2026-03-14T17:04:47.300+01:00 [INFO] status=200 req=r0000350 path=/cart msg="no changes" user=u0010 svc=api dur_ms=29 method=GET
2026-03-14T16:04:49.510Z [INFO] msg="accepted" svc=api user=u0001 dur_ms=130 method=GET req=r0000042 status=200 path=/orders
2026-03-14T16:05:22.228Z [INFO] req=r0000636 status=200 dur_ms=134 path=/products msg="accepted" svc=api method=GET user=u0018
2026-03-14T16:05:33.161Z [INFO] method=GET dur_ms=82 status=304 req=r0000878 msg="completed" svc=api user=u0025 path=/orders
2026-03-14T16:06:03.229Z [INFO] msg="completed" svc=api user=u0016 method=GET path=/products dur_ms=68 req=r0000541 status=200
2026-03-14T16:06:04.169Z [INFO] dur_ms=163 method=GET req=r0001263 path=/thumb user=u0035 svc=media status=200 msg="accepted"
2026-03-14T16:07:29.891Z [INFO] status=304 svc=api method=GET req=r0000637 path=/orders dur_ms=108 msg="completed" user=u0018
2026-03-14T17:07:48.045+01:00 [INFO] msg="no changes" path=/orders method=GET user=u0025 svc=api req=r0000879 dur_ms=85 status=200
2026-03-14T18:07:58.835+02:00 [ERROR] method=POST path=/checkout svc=billing status=503 msg="connection reset by peer" user=u0035 dur_ms=1578 req=r0001264
2026-03-14T16:08:00.359Z [INFO] path=/cart user=u0010 status=201 method=POST dur_ms=88 msg="served from cache" svc=api req=r0000351
2026-03-14T16:08:25.047Z [INFO] msg="accepted" status=201 method=POST svc=billing path=/payments dur_ms=132 user=u0001 req=r0000043
2026-03-14T17:09:47.905+01:00 [INFO] user=u0016 method=POST req=r0000542 dur_ms=25 status=201 svc=auth path=/token/refresh msg="accepted"
2026-03-14T16:10:16.013Z [INFO] svc=search msg="completed" req=r0000731 dur_ms=162 user=u0021 path=/search method=GET status=200
2026-03-14T19:24:02.696Z [INFO] req=r0001293 path=/suggest method=GET svc=search dur_ms=21 msg="no changes" status=200 user=u0035
2026-03-14T11:11:50.117-05:00 [INFO] req=r0001265 user=u0035 status=200 dur_ms=105 msg="accepted" path=/orders svc=api method=GET
2026-03-14T17:12:00.071+01:00 [INFO] svc=billing user=u0010 path=/checkout req=r0000352 method=POST status=201 msg="no changes" dur_ms=1282
2026-03-14T16:14:15.851Z [INFO] dur_ms=29 path=/suggest user=u0016 status=200 req=r0000543 method=GET svc=search msg="completed"
2026-03-14T17:15:38.504+01:00 [INFO] dur_ms=13 user=u0018 path=/suggest req=r0000638 msg="completed" method=GET svc=search status=200
2026-03-14T17:19:03.931+01:00 [INFO] svc=api status=200 msg="completed" user=u0001 req=r0000045 dur_ms=26 method=GET path=/cart
2026-03-14T11:19:45.836-05:00 [INFO] user=u0021 status=200 path=/cart dur_ms=69 method=GET req=r0000732 msg="accepted" svc=api
2026-03-14T17:21:27.713+01:00 [INFO] req=r0000046 path=/products msg="no changes" method=GET dur_ms=22 svc=api user=u0001 status=200
2026-03-14T18:23:17.133+02:00 [INFO] msg="ok" path=/login req=r0000639 svc=auth method=POST status=200 dur_ms=53 user=u0018
2026-03-14T16:23:31.894Z [INFO] path=/thumb req=r0000544 dur_ms=43 user=u0016 msg="completed" method=GET status=200 svc=media
2026-03-14T16:24:10.996Z [INFO] user=u0016 path=/suggest dur_ms=23 req=r0000545 msg="ok" svc=search status=200 method=GET
2026-03-14T16:27:11.263Z [WARN] method=POST user=u0001 dur_ms=348 path=/checkout status=404 req=r0000047 svc=billing msg="rate limited"
2026-03-14T17:29:19.583+01:00 [INFO] dur_ms=46 status=200 msg="accepted" method=GET req=r0000733 svc=auth path=/users/me user=u0021
2026-03-14T16:30:08.121Z [INFO] svc=api status=200 dur_ms=233 req=r0000546 path=/orders msg="ok" user=u0016 method=GET
2026-03-14T16:32:50.260Z [INFO] req=r0000640 svc=auth user=u0018 dur_ms=215 msg="ok" method=POST path=/login status=201
2026-03-14T16:34:01.222Z [INFO] msg="served from cache" status=200 path=/users/me method=GET svc=auth user=u0001 req=r0000048 dur_ms=34
2026-03-14T17:34:15.762+01:00 [INFO] msg="served from cache" path=/search status=200 svc=search dur_ms=81 user=u0001 req=r0000049 method=GET
2026-03-14T16:35:33.409Z [INFO] status=304 req=r0000734 method=GET user=u0021 msg="served from cache" svc=api path=/products dur_ms=85
2026-03-14T16:35:39.562Z [INFO] dur_ms=116 svc=api method=GET path=/cart user=u0018 req=r0000641 status=200 msg="no changes"
2026-03-14T16:36:18.154Z [INFO] status=200 req=r0000547 user=u0016 msg="ok" svc=api dur_ms=160 path=/cart method=GET
2026-03-14T16:41:38.230Z [WARN] svc=api msg="rate limited" status=400 req=r0000735 path=/cart user=u0021 dur_ms=29 method=GET
2026-03-14T17:42:00.071+01:00 [INFO] path=/cart msg="served from cache" user=u0010 dur_ms=67 req=r0000353 status=200 method=GET svc=api
2026-03-14T18:42:08.367+02:00 [INFO] svc=billing status=200 msg="served from cache" user=u0016 req=r0000548 path=/checkout method=POST dur_ms=375
2026-03-14T16:43:49.611Z [INFO] dur_ms=46 status=200 path=/orders req=r0000050 method=GET user=u0001 msg="completed" svc=api
2026-03-14T17:44:42.772+01:00 [INFO] msg="ok" status=200 req=r0001266 method=GET path=/users/me dur_ms=21 svc=auth user=u0035
2026-03-14T16:45:26.663Z [INFO] dur_ms=60 status=304 method=GET path=/thumb user=u0018 msg="accepted" req=r0000642 svc=media
2026-03-14T17:47:25.749+01:00 [INFO] msg="no changes" method=GET req=r0000736 svc=api status=200 dur_ms=147 path=/orders user=u0021
2026-03-14T18:47:58.702+02:00 [INFO] svc=billing path=/checkout user=u0035 req=r0001267 method=POST status=200 msg="accepted" dur_ms=236
2026-03-14T18:49:46.607+02:00 [ERROR] msg="failed to parse \"response\" body" method=POST path=/checkout dur_ms=1738 req=r0000354 status=500 svc=billing user=u0010
2026-03-14T16:49:49.238Z [ERROR] svc=billing status=500 dur_ms=151 req=r0000354 user=u0010 method=POST msg="database unavailable" retry=1 path=/checkout
2026-03-14T16:50:23.810Z [INFO] path=/orders svc=api user=u0010 method=GET dur_ms=363 msg="completed" status=200 req=r0000355
2026-03-14T18:51:56.194+02:00 [INFO] path=/users/me svc=auth method=GET status=200 msg="served from cache" req=r0000051 user=u0001 dur_ms=15
2026-03-14T16:51:57.839Z [INFO] msg="accepted" method=GET status=200 path=/invoices dur_ms=125 user=u0016 req=r0000549 svc=billing
2026-03-14T18:52:17.020+02:00 [INFO] req=r0001268 path=/cart dur_ms=99 method=POST user=u0035 svc=api msg="accepted" status=201
2026-03-14T16:53:04.222Z [INFO] status=200 msg="served from cache" dur_ms=47 svc=api path=/cart method=GET user=u0001 req=r0000052
2026-03-14T16:55:06.755Z [INFO] msg="accepted" user=u0018 req=r0000643 path=/payments svc=billing status=201 dur_ms=232 method=POST
2026-03-14T11:55:40.712-05:00 [INFO] status=200 svc=search req=r0000239 msg="completed" user=u0007 path=/search dur_ms=284 method=GET
2026-03-14T16:57:35.585Z [INFO] svc=search status=200 dur_ms=15 msg="completed" req=r0000053 user=u0001 path=/suggest method=GET
2026-03-14T22:28:16.797+05:30 [WARN] user=u0016 msg="rate limited" method=POST status=400 path=/token/refresh dur_ms=20 svc=auth req=r0000550
2026-03-14T16:58:27.114Z [INFO] svc=search req=r0000356 method=GET path=/suggest msg="served from cache" dur_ms=42 status=200 user=u0010
2026-03-14T17:00:52.141Z [INFO] msg="accepted" path=/suggest status=200 dur_ms=22 svc=search method=GET user=u0035 req=r0001269
2026-03-14T17:03:56.218Z [INFO] dur_ms=38 user=u0001 svc=api msg="served from cache" req=r0000054 status=200 method=GET path=/cart
2026-03-14T17:05:25.950Z [INFO] method=GET msg="served from cache" svc=api user=u0007 status=200 req=r0000240 path=/orders dur_ms=33
2026-03-14T17:06:24.615Z [INFO] method=GET path=/orders req=r0000551 status=200 user=u0016 dur_ms=25 msg="ok" svc=api
2026-03-14T17:07:19.454Z [INFO] method=GET req=r0001270 dur_ms=33 svc=auth path=/users/me user=u0035 status=200 msg="completed"
2026-03-14T17:07:27.347Z [WARN] path=/users/me req=r0000357 msg="client sent malformed \"payload\"" svc=auth status=429 user=u0010 dur_ms=25 method=GET
2026-03-14T17:07:35.566Z [INFO] svc=api method=POST user=u0016 status=201 msg="completed" req=r0000552 dur_ms=96 path=/cart
2026-03-14T17:07:45.545Z [INFO] svc=api status=200 path=/products method=GET dur_ms=42 req=r0000358 user=u0010 msg="no changes"
2026-03-14T17:08:56.778Z [INFO] msg="accepted" status=200 svc=auth req=r0000553 method=POST path=/token/refresh user=u0016 dur_ms=54
2026-03-14T17:09:09.082Z [INFO] msg="accepted" svc=api path=/cart req=r0000554 user=u0016 status=200 dur_ms=23 method=GET
2026-03-14T12:09:26.614-05:00 [INFO] svc=api path=/products dur_ms=72 user=u0035 msg="no changes" method=GET status=200 req=r0001271
2026-03-14T17:11:37.474Z [INFO] msg="no changes" user=u0007 status=200 path=/products method=GET svc=api dur_ms=25 req=r0000241
2026-03-14T17:12:01.846Z [INFO] req=r0000055 user=u0001 msg="completed" status=200 method=GET path=/suggest dur_ms=14 svc=search
2026-03-14T19:14:16.344+02:00 [INFO] msg="no changes" user=u0007 method=GET path=/cart dur_ms=54 svc=api status=200 req=r0000242
2026-03-14T17:15:36.624Z [INFO] msg="ok" path=/users/me dur_ms=34 user=u0016 svc=auth status=200 method=GET req=r0000555
2026-03-14T21:33:13.916+01:00 [INFO] path=/cart dur_ms=48 msg="no changes" req=r0000756 svc=api method=GET user=u0021 status=200
2026-03-14T12:16:30.423-05:00 [INFO] svc=search method=GET dur_ms=26 req=r0000243 user=u0007 status=200 msg="completed" path=/suggest
2026-03-14T18:18:23.854+01:00 [INFO] req=r0001272 msg="no changes" svc=search status=200 dur_ms=90 user=u0035 method=GET path=/search
2026-03-14T17:19:12.225Z [INFO] status=200 path=/products method=GET dur_ms=51 req=r0000880 msg="accepted" user=u0025 svc=api
2026-03-14T17:19:18.904Z [INFO] svc=api dur_ms=72 user=u0010 path=/orders method=GET req=r0000360 status=304 msg="ok"
2026-03-14T17:20:05.468Z [INFO] svc=api req=r0000556 user=u0016 status=200 dur_ms=44 method=GET path=/products msg="accepted"
2026-03-14T17:23:07.995Z [INFO] method=POST dur_ms=129 svc=auth status=201 req=r0000361 path=/login msg="no changes" user=u0010
2026-03-14T17:24:21.817Z [INFO] path=/payments dur_ms=412 user=u0007 method=POST status=200 msg="ok" req=r0000244 svc=billing
2026-03-14T17:25:59.088Z [INFO] msg="served from cache" svc=api dur_ms=21 method=GET status=200 user=u0007 req=r0000245 path=/cart
2026-03-14T17:27:13.137Z [INFO] method=GET dur_ms=48 user=u0035 status=200 path=/products msg="no changes" svc=api req=r0001273
2026-03-14T18:27:25.758+01:00 [INFO] svc=api method=GET status=304 msg="accepted" path=/products req=r0000362 dur_ms=22 user=u0010
2026-03-14T17:27:45.474Z [INFO] dur_ms=130 method=POST path=/cart msg="accepted" svc=api req=r0000363 status=200 user=u0010
2026-03-14T18:27:56.375+01:00 [INFO] method=GET svc=api user=u0025 dur_ms=68 msg="served from cache" path=/orders req=r0000881 status=200
2026-03-14T17:28:01.097Z [INFO] path=/search method=GET user=u0018 dur_ms=281 req=r0000644 msg="accepted" status=200 svc=search
# logrotate: rotated at block 167
2026-03-14T17:28:53.167Z [INFO] dur_ms=52 msg="ok" user=u0016 svc=api method=GET req=r0000557 status=200 path=/cart
2026-03-14T17:30:55.569Z [INFO] svc=search method=GET dur_ms=61 user=u0025 path=/suggest msg="completed" req=r0000882 status=200
2026-03-14T17:33:05.214Z [INFO] svc=search msg="ok" req=r0000246 status=200 user=u0007 path=/search method=GET dur_ms=198
2026-03-14T19:33:25.463+02:00 [INFO] dur_ms=263 msg="accepted" svc=search status=200 path=/search method=GET req=r0000364 user=u0010
2026-03-14T17:34:06.021Z [INFO] user=u0035 status=200 dur_ms=28 req=r0001274 method=GET path=/cart svc=api msg="served from cache"
2026-03-14T17:34:51.281Z [WARN] dur_ms=1020 method=POST status=404 path=/payments user=u0007 msg="resource not found" req=r0000247 svc=billing
2026-03-14T17:35:08.122Z [INFO] status=200 path=/products user=u0016 msg="no changes" dur_ms=184 req=r0000558 svc=api method=GET
2026-03-14T21:45:25.331+01:00 [INFO] path=/products status=200 svc=api method=GET msg="served from cache" user=u0008 req=r0000281 dur_ms=66
2026-03-14T12:36:21.015-05:00 [INFO] dur_ms=81 status=201 req=r0000883 path=/cart msg="served from cache" method=POST user=u0025 svc=api
2026-03-14T18:36:40.197+01:00 [INFO] user=u0035 req=r0001275 msg="accepted" svc=billing path=/payments dur_ms=267 status=200 method=POST
2026-03-14T17:36:58.642Z [INFO] req=r0000559 method=POST msg="completed" user=u0016 svc=billing dur_ms=260 path=/payments status=201
2026-03-14T17:38:02.521Z [INFO] user=u0018 method=GET svc=billing path=/invoices msg="accepted" status=200 req=r0000646 dur_ms=156
2026-03-14T17:38:23.111Z [INFO] status=200 user=u0035 method=POST req=r0001276 path=/cart svc=api msg="ok" dur_ms=43
2026-03-14T18:38:36.546+01:00 [INFO] status=200 method=GET req=r0000365 dur_ms=74 user=u0010 path=/products svc=api msg="completed"
2026-03-14T17:40:40.180Z [INFO] req=r0000647 dur_ms=366 method=POST user=u0018 path=/payments svc=billing status=200 msg="ok"
2026-03-14T18:42:48.935+01:00 [INFO] user=u0010 status=200 dur_ms=82 svc=api path=/cart method=GET msg="ok" req=r0000366
2026-03-14T17:43:03.152Z [INFO] dur_ms=195 path=/orders req=r0000248 status=200 svc=api user=u0007 msg="served from cache" method=GET
2026-03-14T17:43:43.573Z [INFO] dur_ms=196 status=200 msg="no changes" path=/search user=u0018 method=GET svc=search req=r0000648
2026-03-14T17:44:22.848Z [INFO] user=u0025 req=r0000884 svc=api dur_ms=119 status=200 msg="no changes" path=/products method=GET
2026-03-14T18:44:54.627+01:00 [INFO] msg="no changes" status=200 svc=search dur_ms=192 user=u0010 path=/search method=GET req=r0000367
2026-13-40T99:99:99.000Z [INFO] impossible timestamp
2026-03-14T18:46:28.715+01:00 [INFO] path=/suggest method=GET req=r0001277 svc=search msg="accepted" dur_ms=8 status=200 user=u0035
2026-03-14T18:46:30.329+01:00 [INFO] dur_ms=20 svc=auth msg="no changes" status=200 method=GET req=r0000560 path=/users/me user=u0016
2026-03-14T17:50:10.012Z [INFO] msg="completed" req=r0000885 svc=api method=GET status=200 dur_ms=71 user=u0025 path=/orders
2026-03-14T17:50:15.006Z [INFO] req=r0000649 svc=search msg="served from cache" dur_ms=16 user=u0018 path=/suggest method=GET status=200
2026-03-14T17:50:25.509Z [INFO] status=200 dur_ms=79 msg="ok" path=/orders user=u0010 method=GET req=r0000368 svc=api
2026-03-14T17:51:21.048Z [INFO] status=200 msg="served from cache" dur_ms=331 user=u0007 req=r0000249 method=GET svc=search path=/search
2026-03-14T17:51:49.361Z [INFO] method=GET svc=api dur_ms=63 path=/cart req=r0000886 user=u0025 msg="accepted" status=200
2026-03-14T18:52:56.775+01:00 [INFO] user=u0035 msg="served from cache" method=GET svc=auth status=200 dur_ms=33 path=/users/me req=r0001278
2026-03-14T17:53:29.987Z [INFO] req=r0001279 dur_ms=2069 status=201 user=u0035 msg="no changes" path=/upload svc=media method=POST
2026-03-14T17:54:43.685Z [WARN] path=/cart method=POST msg="resource not found" req=r0000561 status=400 user=u0016 svc=api dur_ms=102
2026-03-14T21:12:10.455Z [INFO] method=GET req=r0000917 dur_ms=46 status=200 svc=api user=u0026 path=/orders msg="completed"
2026-03-14T17:56:10.172Z [INFO] user=u0035 path=/checkout req=r0001280 svc=billing msg="accepted" status=201 dur_ms=979 method=POST
2026-03-14T14:28:39.527Z [INFO] method=GET path=/orders req=r0001240 svc=api dur_ms=210 user=u0034 msg="completed" status=200
2026-03-14T12:58:09.954-05:00 [INFO] method=GET path=/users/me svc=auth dur_ms=43 msg="no changes" user=u0018 req=r0000650 status=200
2026-03-14T17:59:32.247Z [INFO] msg="ok" path=/cart req=r0000757 user=u0022 dur_ms=18 svc=api method=GET status=200
2026-03-14T17:59:49.367Z [WARN] path=/cart method=GET user=u0025 msg="resource not found" dur_ms=77 status=429 req=r0000887 svc=api
2026-03-14T19:00:12.144+01:00 [INFO] dur_ms=18 path=/suggest user=u0007 status=200 method=GET msg="accepted" req=r0000250 svc=search
2026-03-14T19:00:21.790+01:00 [ERROR] user=u0010 dur_ms=461 msg="failed to parse \"response\" body" svc=api req=r0000370 status=502 method=GET path=/orders
2026-03-14T18:01:32.679Z [INFO] user=u0022 req=r0000758 status=200 path=/suggest method=GET svc=search dur_ms=43 msg="served from cache"
2026-03-14T18:02:30.987Z [INFO] msg="ok" status=200 path=/cart user=u0010 method=GET req=r0000371 svc=api dur_ms=40
2026-03-14T18:02:45.827Z [INFO] method=GET msg="accepted" req=r0001281 status=200 path=/suggest user=u0035 svc=search dur_ms=8
2026-03-14T18:03:19.337Z [INFO] dur_ms=141 msg="served from cache" method=GET req=r0000651 path=/thumb svc=media status=200 user=u0018
2026-03-14T18:04:10.373Z [INFO] path=/cart svc=api req=r0000759 msg="completed" user=u0022 status=200 dur_ms=100 method=POST
2026-03-14T18:04:49.591Z [INFO] path=/cart method=GET req=r0000372 msg="served from cache" status=200 svc=api dur_ms=58 user=u0010
2026-03-14T18:05:19.430Z [WARN] msg="client sent malformed \"payload\"" user=u0016 status=429 method=POST req=r0000563 svc=auth dur_ms=300 path=/token/refresh
2026-03-14T19:06:25.400+01:00 [ERROR] status=500 user=u0016 msg="failed to parse \"response\" body" path=/login req=r0000564 dur_ms=275 method=POST svc=auth
2026-03-14T18:07:07.704Z [INFO] dur_ms=106 status=200 svc=api msg="served from cache" path=/orders method=GET user=u0016 req=r0000565
2026-03-14T18:07:49.544Z [WARN] user=u0022 req=r0000760 status=404 msg="client sent malformed \"payload\"" path=/cart method=GET svc=api dur_ms=55
2026-03-14T13:09:48.013-05:00 [INFO] msg="accepted" path=/orders user=u0025 svc=api dur_ms=207 req=r0000888 method=GET status=200
2026-03-14T13:10:01.441-05:00 [INFO] status=200 req=r0000373 svc=api dur_ms=41 method=GET user=u0010 msg="completed" path=/cart
2026-03-14T18:10:25.201Z [INFO] method=GET msg="ok" dur_ms=27 path=/suggest user=u0022 svc=search status=200 req=r0000761
2026-03-14T18:11:22.582Z [INFO] user=u0018 svc=api method=GET path=/products req=r0000652 status=200 dur_ms=62 msg="accepted"
2026-03-14T18:12:16.733Z [INFO] req=r0000889 dur_ms=16 path=/users/me method=GET svc=auth msg="completed" user=u0025 status=200
2026-03-14T18:12:26.057Z [INFO] user=u0035 req=r0001282 msg="no changes" dur_ms=61 method=GET svc=auth status=200 path=/users/me
2026-03-14T19:14:26.201+01:00 [INFO] msg="served from cache" user=u0016 req=r0000566 dur_ms=46 status=200 method=GET svc=auth path=/users/me
2026-03-14T18:14:46.081Z [INFO] status=200 svc=search method=GET req=r0000890 path=/suggest user=u0025 msg="completed" dur_ms=18
2026-03-14T18:15:00.228Z [INFO] msg="completed" svc=api method=GET req=r0000762 user=u0022 status=200 path=/products dur_ms=35
2026-03-14T18:15:12.992Z [INFO] user=u0022 msg="no changes" method=GET dur_ms=27 status=200 path=/suggest req=r0000763 svc=search
2026-03-14T19:15:33.129+01:00 [INFO] path=/orders svc=api msg="no changes" method=GET user=u0010 req=r0000374 dur_ms=85 status=200
2026-03-14T18:15:34.177Z [WARN] method=GET msg="invalid parameter" req=r0000764 dur_ms=44 status=400 path=/products user=u0022 svc=api
2026-03-14T18:15:59.975Z [INFO] dur_ms=56 user=u0035 path=/suggest msg="served from cache" svc=search status=200 req=r0001283 method=GET
2026-03-14T18:16:18.247Z [INFO] path=/thumb req=r0000375 status=200 msg="no changes" method=GET svc=media user=u0010 dur_ms=44
2026-03-14T13:18:43.437-05:00 [INFO] method=GET req=r0000653 user=u0018 msg="ok" dur_ms=69 svc=api status=200 path=/products
2026-03-14T18:18:54.885Z [INFO] path=/payments user=u0035 dur_ms=446 method=POST svc=billing status=200 msg="accepted" req=r0001284
2026-03-14T19:21:39.116+01:00 [INFO] method=GET msg="accepted" path=/products req=r0000654 status=200 svc=api dur_ms=48 user=u0018
2026-03-14T18:22:04.821Z [WARN] req=r0000376 user=u0010 path=/thumb msg="client sent malformed \"payload\"" dur_ms=56 status=400 svc=media method=GET
2026-03-14T13:22:52.889-05:00 [INFO] msg="no changes" path=/thumb method=GET dur_ms=102 status=200 svc=media req=r0000737 user=u0021
2026-03-14T19:22:55.461+01:00 [INFO] dur_ms=9 svc=search msg="served from cache" req=r0000765 user=u0022 path=/suggest method=GET status=304
2026-03-14T13:23:01.103-05:00 [INFO] svc=auth user=u0021 status=201 dur_ms=94 method=POST path=/login req=r0000738 msg="accepted"
2026-03-14T19:23:24.795+01:00 [INFO] method=GET user=u0025 path=/products req=r0000891 dur_ms=39 svc=api msg="accepted" status=200
2026-03-14T18:26:34.785Z [INFO] method=GET req=r0001285 path=/thumb msg="accepted" dur_ms=48 svc=media status=200 user=u0035
2026-03-14T20:28:20.859+02:00 [INFO] status=201 svc=api dur_ms=62 path=/cart msg="ok" req=r0000739 user=u0021 method=POST
2026-03-14T18:30:30.383Z [INFO] req=r0000655 user=u0018 dur_ms=94 msg="served from cache" method=GET svc=api path=/orders status=200
2026-03-14T18:30:37.296Z [INFO] dur_ms=164 user=u0025 path=/checkout msg="ok" svc=billing status=200 method=POST req=r0000892
2026-03-15T00:00:51.532+05:30 [INFO] svc=api msg="ok" status=200 path=/cart method=GET dur_ms=33 req=r0000740 user=u0021
2026-03-14T18:32:11.800Z [WARN] method=GET msg="rate limited" user=u0022 req=r0000766 svc=search path=/search status=404 dur_ms=204
2026-03-14T18:33:55.733Z [INFO] user=u0018 msg="no changes" status=200 svc=search method=GET req=r0000656 path=/suggest dur_ms=63
2026-03-15T00:05:00.756+05:30 [INFO] user=u0035 method=GET msg="no changes" path=/orders req=r0001286 status=200 dur_ms=153 svc=api
2026-03-14T18:37:05.121Z [INFO] status=200 msg="no changes" dur_ms=94 svc=api req=r0000657 path=/orders method=GET user=u0018
2026-03-14T18:40:01.549Z [INFO] path=/cart status=200 req=r0000767 msg="ok" svc=api dur_ms=17 user=u0022 method=GET
2026-03-14T19:40:29.618+01:00 [INFO] method=GET status=200 msg="accepted" req=r0000768 user=u0022 path=/users/me dur_ms=15 svc=auth
2026-03-14T18:40:50.049Z [INFO] msg="completed" req=r0000769 path=/products status=200 user=u0022 method=GET svc=api dur_ms=75
2026-03-14T18:43:59.530Z [INFO] user=u0022 status=200 msg="served from cache" path=/users/me req=r0000770 dur_ms=30 method=GET svc=auth
2026-03-14T18:45:10.360Z [INFO] status=200 msg="served from cache" dur_ms=28 svc=api path=/products method=GET req=r0000251 user=u0007
2026-03-14T18:49:42.515Z [INFO] method=GET dur_ms=136 path=/orders req=r0000252 msg="completed" user=u0007 svc=api status=200
2026-03-14T18:51:20.375Z [INFO] msg="no changes" path=/checkout status=200 method=POST svc=billing user=u0007 dur_ms=557 req=r0000253
2026-03-14T18:52:59.202Z [INFO] path=/products user=u0022 req=r0000771 status=200 method=GET svc=api msg="completed" dur_ms=41
2026-03-14T19:53:47.927+01:00 [ERROR] req=r0001455 user=u0035 msg="connection reset by peer" svc=search status=503 dur_ms=624 path=/search method=GET
    at com.example.Handler.run(B.java:349)
    at com.example.Pool.run(A.java:296)
2026-03-14T19:54:00.718+01:00 [ERROR] req=r0001453 status=503 svc=billing path=/payments dur_ms=4107 msg="upstream timeout after 3 retries" method=POST user=u0014
    at com.example.Handler.run(A.java:320)
    at com.example.Handler.run(B.java:139)
    at com.example.Client.run(B.java:126)
2026-03-14T18:54:03.646Z [ERROR] dur_ms=184 path=/login status=500 req=r0001458 svc=auth method=POST msg="failed to parse \"response\" body" user=u0040
2026-03-14T18:54:05.358Z [ERROR] method=GET path=/orders dur_ms=126 user=u0019 req=r0001459 svc=api status=502 msg="connection reset by peer"
2026-03-14T20:54:16.818+02:00 [ERROR] dur_ms=1300 path=/payments req=r0001461 user=u0029 status=503 method=POST msg="failed to parse \"response\" body" svc=billing
2026-03-14T18:54:21.288Z [ERROR] method=GET status=502 svc=search req=r0001457 path=/suggest dur_ms=147 msg="failed to parse \"response\" body" user=u0020
2026-03-14T18:54:25.973Z [ERROR] svc=auth path=/users/me status=503 msg="connection reset by peer" req=r0001454 method=GET dur_ms=81 user=u0038
    at com.example.Pool.run(B.java:186)
    at com.example.Pool.run(A.java:62)
    at com.example.Pool.run(B.java:369)
2026-03-14T18:54:28.461Z [ERROR] dur_ms=259 method=GET svc=search status=503 user=u0021 path=/search req=r0001456 msg="upstream timeout after 3 retries"
2026-03-14T13:54:31.019-05:00 [ERROR] user=u0020 status=502 method=POST dur_ms=157 path=/cart req=r0001460 svc=api msg="database unavailable"
2026-03-14T20:59:58.343+02:00 [INFO] status=304 req=r0000254 method=GET dur_ms=50 svc=api user=u0007 msg="accepted" path=/cart
2026-03-14T17:50:15.006Z [INFO] req=r0000649 svc=search msg="served from cache" dur_ms=16 user=u0018 path=/suggest method=GET status=200
2026-03-14T19:00:33.414Z [INFO] status=200 path=/suggest svc=search req=r0000772 dur_ms=13 method=GET msg="completed" user=u0022
2026-03-14T19:00:51.532Z [INFO] path=/payments method=POST user=u0021 msg="served from cache" dur_ms=212 req=r0000741 status=201 svc=billing
2026-03-14T19:04:04.297Z [INFO] status=200 user=u0022 dur_ms=15 req=r0000773 method=GET svc=api msg="served from cache" path=/orders
2026-03-14T20:05:00.756+01:00 [INFO] path=/suggest dur_ms=57 msg="no changes" req=r0001287 user=u0035 status=304 svc=search method=GET
2026-03-14T19:05:43.355Z [INFO] msg="ok" user=u0022 req=r0000774 dur_ms=29 method=GET path=/suggest svc=search status=200
2026-03-14T19:07:05.121Z [ERROR] user=u0018 svc=search path=/suggest status=500 method=GET req=r0000658 dur_ms=30 msg="upstream timeout after 3 retries"
    at com.example.Pool.run(B.java:277)
    at com.example.Handler.run(B.java:210)
2026-03-14T19:07:07.784Z [ERROR] method=GET req=r0000658 status=503 dur_ms=200 path=/suggest retry=1 svc=search msg="failed to parse \"response\" body" user=u0018
2026-03-14T19:07:23.310Z [INFO] user=u0035 dur_ms=40 method=GET msg="accepted" status=200 svc=search path=/suggest req=r0001288
2026-03-14T19:08:30.899Z [WARN] msg="client sent malformed \"payload\"" method=GET path=/orders status=404 dur_ms=40 req=r0000255 svc=api user=u0007
2026-03-14T21:57:04.309+01:00 [INFO] user=u0028 path=/cart msg="served from cache" method=POST status=201 dur_ms=46 svc=api req=r0000980
2026-03-14T19:09:22.740Z [INFO] dur_ms=368 svc=billing status=200 req=r0000256 path=/payments msg="served from cache" method=POST user=u0007
2026-03-14T19:09:45.503Z [INFO] dur_ms=55 method=GET svc=api req=r0000742 status=200 user=u0021 msg="served from cache" path=/products
2026-03-14T19:10:42.510Z [INFO] method=POST req=r0000659 dur_ms=70 msg="no changes" status=200 user=u0018 svc=auth path=/token/refresh
2026-03-14T14:11:18.008-05:00 [INFO] req=r0000257 user=u0007 svc=api method=GET msg="completed" status=200 path=/orders dur_ms=266
2026-03-14T20:11:26.669+01:00 [INFO] path=/search status=200 svc=search dur_ms=230 method=GET req=r0001289 user=u0035 msg="served from cache"
2026-03-14T21:11:44.514+02:00 [INFO] msg="completed" user=u0021 path=/products dur_ms=37 method=GET svc=api status=200 req=r0000743
2026-03-14T19:12:03.191Z [WARN] user=u0007 status=429 path=/suggest dur_ms=63 req=r0000258 method=GET svc=search msg="invalid parameter"
2026-03-14T19:13:02.720Z [INFO] svc=api status=200 msg="completed" req=r0000744 dur_ms=212 user=u0021 path=/orders method=GET
2026-03-14T19:13:27.383Z [INFO] method=GET svc=api path=/products dur_ms=99 status=200 req=r0000259 msg="completed" user=u0007
2026-03-14T19:13:43.702Z [INFO] svc=api user=u0022 msg="no changes" req=r0000776 dur_ms=38 path=/products method=GET status=200
2026-03-14T19:16:10.582Z [WARN] status=429 req=r0000745 path=/orders msg="rate limited" method=GET dur_ms=107 svc=api user=u0021
2026-03-14T20:38:10.064Z [INFO] svc=media dur_ms=1040 path=/upload method=POST req=r0000667 user=u0019 msg="completed" status=201
2026-03-14T20:18:23.651+01:00 [INFO] svc=auth user=u0018 status=201 dur_ms=88 msg="served from cache" req=r0000660 path=/login method=POST
2026-03-14T20:18:50.901+01:00 [INFO] svc=api path=/products msg="accepted" dur_ms=114 method=GET req=r0001291 user=u0035 status=200
2026-03-14T19:20:24.256Z [INFO] status=200 method=GET msg="completed" dur_ms=57 path=/products svc=api user=u0007 req=r0000260
2026-03-14T21:20:37.051+02:00 [INFO] dur_ms=74 req=r0001292 path=/login svc=auth status=201 method=POST user=u0035 msg="served from cache"
2026-03-14T20:22:35.588+01:00 [INFO] method=POST path=/cart dur_ms=46 req=r0000777 status=201 svc=api user=u0022 msg="completed"
2026-03-14T20:23:36.758+01:00 [INFO] path=/orders dur_ms=120 user=u0018 status=304 msg="ok" method=GET req=r0000661 svc=api
2026-03-14T16:11:28.340Z [INFO] method=GET path=/orders svc=api dur_ms=316 user=u0001 req=r0000044 msg="served from cache" status=200
2026-03-14T17:35:33.224Z [INFO] req=r0000645 path=/orders user=u0018 dur_ms=146 svc=api method=GET msg="served from cache" status=200
2026-03-14T19:24:51.009Z [INFO] dur_ms=46 path=/suggest msg="accepted" method=GET user=u0021 svc=search status=200 req=r0000746
2026-03-14T19:25:27.908Z [INFO] req=r0000778 svc=search status=200 method=GET dur_ms=78 user=u0022 path=/search msg="served from cache"
2026-03-14T19:26:48.068Z [INFO] path=/token/refresh user=u0007 method=POST req=r0000261 dur_ms=19 msg="no changes" status=200 svc=auth
2026-03-14T19:27:03.326Z [INFO] dur_ms=39 msg="completed" status=200 req=r0000277 path=/cart svc=api user=u0008 method=POST
2026-03-14T21:27:46.669+02:00 [INFO] method=GET status=200 svc=media path=/thumb req=r0000747 msg="accepted" dur_ms=129 user=u0021
2026-03-14T20:28:06.846+01:00 [INFO] req=r0001295 method=GET dur_ms=57 user=u0035 msg="served from cache" path=/cart svc=api status=200
2026-03-14T19:28:28.903Z [INFO] status=200 path=/cart msg="no changes" req=r0000262 method=GET svc=api user=u0007 dur_ms=34
2026-03-14T19:28:32.741Z [WARN] req=r0000662 user=u0018 status=429 path=/login svc=auth msg="resource not found" method=POST dur_ms=325
2026-03-14T19:28:34.198Z [INFO] user=u0008 status=200 dur_ms=121 path=/products req=r0000278 svc=api method=GET msg="ok"
2026-03-14T19:29:22.401Z [INFO] path=/login dur_ms=149 method=POST user=u0025 msg="ok" req=r0000893 status=201 svc=auth
2026-03-14T20:30:46.198+01:00 [INFO] path=/login status=200 req=r0001296 dur_ms=90 user=u0035 msg="served from cache" method=POST svc=auth
2026-03-14T19:30:58.724Z [INFO] status=200 dur_ms=331 path=/invoices user=u0007 method=GET svc=billing req=r0000263 msg="accepted"
2026-03-14T19:31:44.442Z [INFO] req=r0001297 method=POST user=u0035 status=201 svc=media msg="ok" path=/upload dur_ms=934
2026-03-15T01:02:02.678+05:30 [INFO] method=GET dur_ms=7 svc=search path=/suggest req=r0000779 user=u0022 msg="ok" status=200
2026-03-14T19:32:29.691Z [INFO] path=/cart svc=api dur_ms=79 user=u0021 msg="completed" req=r0000748 method=GET status=200
2026-03-14T19:33:04.892Z [INFO] path=/orders user=u0025 method=GET svc=api msg="accepted" status=200 dur_ms=52 req=r0000894
2026-03-14T20:33:58.208+01:00 [INFO] status=200 method=GET msg="completed" dur_ms=81 user=u0018 svc=billing path=/invoices req=r0000663
2026-03-14T14:35:24.325-05:00 [INFO] user=u0021 svc=search status=304 path=/search req=r0000749 msg="ok" dur_ms=270 method=GET
2026-03-14T19:38:28.276Z [INFO] msg="no changes" method=GET user=u0008 svc=search dur_ms=11 status=200 path=/suggest req=r0000279
2026-03-14T21:38:53.084+02:00 [INFO] req=r0000780 status=200 method=GET path=/cart dur_ms=18 svc=api user=u0022 msg="served from cache"
2026-03-14T14:42:47.363-05:00 [INFO] path=/login svc=auth method=POST msg="served from cache" status=200 dur_ms=97 user=u0021 req=r0000750
2026-03-14T19:42:54.351Z [INFO] method=POST msg="completed" dur_ms=61 path=/cart svc=api status=200 user=u0025 req=r0000895
2026-03-14T19:46:31.589Z [INFO] path=/cart req=r0000751 dur_ms=58 svc=api status=200 msg="no changes" method=POST user=u0021
2026-03-14T19:46:54.025Z [INFO] msg="ok" status=200 req=r0000781 user=u0022 dur_ms=281 svc=search path=/search method=GET
2026-03-14T19:48:54.995Z [INFO] svc=auth status=200 method=GET req=r0000896 path=/users/me user=u0025 msg="completed" dur_ms=37
2026-03-14T19:51:17.050Z [INFO] method=GET msg="accepted" status=200 req=r0000782 dur_ms=52 user=u0022 path=/suggest svc=search
2026-03-14T19:52:10.479Z [INFO] msg="no changes" dur_ms=9 user=u0022 method=POST path=/token/refresh svc=auth req=r0000783 status=201
2026-03-14T20:53:25.958+01:00 [INFO] dur_ms=437 method=POST svc=billing path=/payments user=u0021 status=200 req=r0000752 msg="no changes"
2026-03-14T19:53:34.683Z [INFO] msg="completed" dur_ms=11 path=/suggest req=r0000753 status=304 svc=search user=u0021 method=GET
2026-03-14T19:55:04.606Z [INFO] req=r0000784 path=/orders method=GET svc=api msg="ok" status=200 dur_ms=160 user=u0022
2026-03-14T20:02:02.990Z [INFO] msg="ok" req=r0000754 method=GET path=/orders user=u0021 svc=api status=200 dur_ms=161
2026-03-14T21:03:13.916+01:00 [INFO] status=200 user=u0021 path=/thumb msg="served from cache" method=GET svc=media req=r0000755 dur_ms=43
2026-03-14T20:03:49.181Z [INFO] msg="accepted" svc=auth dur_ms=75 method=POST path=/login status=200 user=u0010 req=r0000377
2026-03-14T20:11:03.862Z [ERROR] path=/cart user=u0018 svc=api req=r0000664 msg="upstream timeout after 3 retries" dur_ms=543 method=GET status=503
    at com.example.Handler.run(B.java:345)
    at com.example.Handler.run(B.java:364)
    at com.example.Handler.run(A.java:290)
    at com.example.Pool.run(B.java:339)
2026-03-14T20:11:05.948Z [ERROR] method=GET req=r0000664 path=/cart msg="upstream timeout after 3 retries" user=u0018 retry=1 status=503 svc=api dur_ms=81
2026-03-15T01:42:25.079+05:30 [INFO] msg="served from cache" method=POST user=u0010 svc=auth status=200 path=/token/refresh dur_ms=88 req=r0000378
2026-03-14T21:13:06.367+01:00 [INFO] user=u0005 dur_ms=420 req=r0000155 status=200 svc=api path=/orders method=GET msg="completed"
2026-03-14T21:17:46.422+01:00 [WARN] svc=api user=u0005 req=r0000156 dur_ms=69 status=429 msg="resource not found" path=/orders method=GET
2026-03-14T20:18:21.132Z [INFO] path=/suggest user=u0032 method=GET msg="ok" req=r0001148 svc=search dur_ms=21 status=304
2026-03-14T20:19:26.807Z [INFO] msg="ok" path=/cart req=r0000056 svc=api status=200 dur_ms=71 user=u0002 method=GET
2026-03-15T01:50:58.673+05:30 [INFO] msg="no changes" dur_ms=35 req=r0001149 svc=auth method=GET status=200 user=u0032 path=/users/me
2026-03-14T20:26:00.681Z [INFO] user=u0019 req=r0000665 svc=api msg="accepted" path=/products method=GET dur_ms=84 status=200
2026-03-14T20:27:32.829Z [INFO] dur_ms=49 path=/cart req=r0000057 status=200 user=u0002 svc=api msg="accepted" method=GET
2026-03-14T20:30:36.131Z [INFO] req=r0001150 msg="no changes" path=/search user=u0032 method=GET dur_ms=815 svc=search status=200
2026-03-14T20:32:45.836Z [INFO] path=/users/me svc=auth dur_ms=25 method=GET req=r0000666 msg="served from cache" user=u0019 status=200
2026-03-14T17:15:48.549Z [INFO] status=200 user=u0010 path=/search method=GET svc=search req=r0000359 msg="ok" dur_ms=445
2026-03-14T20:33:58.112Z [INFO] dur_ms=393 svc=billing path=/checkout msg="completed" req=r0000058 method=POST user=u0002 status=201
2026-03-14T22:40:53.546Z [INFO] msg="accepted" method=GET user=u0023 svc=media path=/thumb req=r0000794 dur_ms=49 status=200
2026-03-14T14:16:18.247-05:00 [INFO] status=200 req=r0001290 svc=search msg="served from cache" method=GET user=u0035 path=/search dur_ms=273
2026-03-14T15:38:47.716-05:00 [INFO] req=r0000059 method=POST user=u0002 dur_ms=98 msg="completed" svc=auth status=201 path=/login
2026-03-14T20:40:06.518Z [INFO] req=r0001151 msg="served from cache" method=POST user=u0032 dur_ms=100 svc=api status=200 path=/cart
2026-03-14T22:41:21.913+02:00 [INFO] svc=api user=u0002 method=POST msg="no changes" status=201 req=r0000060 path=/cart dur_ms=42
2026-03-14T20:24:14.394+01:00 [INFO] msg="served from cache" path=/cart svc=api user=u0035 dur_ms=89 req=r0001294 status=200 method=GET
2026-03-14T20:46:40.311Z [INFO] msg="served from cache" method=GET svc=auth dur_ms=52 path=/users/me status=200 user=u0002 req=r0000061
2026-03-14T20:47:18.118Z [INFO] svc=api dur_ms=162 status=200 msg="completed" method=POST user=u0019 path=/cart req=r0000668
2026-03-14T22:48:13.469+02:00 [INFO] dur_ms=274 svc=billing status=200 req=r0001152 user=u0032 msg="no changes" path=/invoices method=GET
2026-03-14T20:50:00.141Z [INFO] svc=media user=u0008 req=r0000282 status=201 dur_ms=832 path=/upload method=POST msg="ok"
2026-03-14T22:50:31.850+02:00 [INFO] path=/products dur_ms=89 msg="served from cache" svc=api status=200 method=GET user=u0028 req=r0000979
2026-03-14T22:50:40.585+02:00 [INFO] status=200 path=/suggest dur_ms=32 method=GET msg="ok" req=r0000283 svc=search user=u0008
2026-03-15T02:23:50.006+05:30 [INFO] path=/search status=200 user=u0008 msg="accepted" dur_ms=157 method=GET req=r0000284 svc=search
2026-03-14T20:54:31.585Z [INFO] req=r0000669 svc=search status=200 msg="served from cache" user=u0019 path=/suggest dur_ms=43 method=GET
2026-03-14T20:57:03.532Z [INFO] dur_ms=49 user=u0026 status=200 req=r0000913 svc=api method=GET path=/orders msg="no changes"
2026-03-14T20:08:50.097+01:00 [INFO] path=/upload method=POST status=201 user=u0022 req=r0000775 svc=media dur_ms=530 msg="served from cache"
2026-03-14T20:58:08.728Z [INFO] status=201 method=POST msg="accepted" path=/token/refresh user=u0019 dur_ms=81 svc=auth req=r0000670
2026-03-14T21:58:19.353+01:00 [INFO] req=r0000285 dur_ms=1073 path=/upload msg="accepted" svc=media status=200 user=u0008 method=POST
2026-03-14T20:59:44.950Z [INFO] msg="accepted" svc=auth user=u0025 method=POST status=200 dur_ms=54 req=r0000897 path=/token/refresh
2026-03-15T02:30:26.068+05:30 [INFO] path=/products method=GET dur_ms=72 user=u0028 msg="ok" status=200 req=r0000981 svc=api
2026-03-14T22:03:18.073+01:00 [INFO] user=u0026 msg="accepted" req=r0000914 svc=media dur_ms=232 method=GET status=200 path=/thumb
2026-03-14T22:03:50.383+01:00 [INFO] path=/checkout method=POST svc=billing msg="ok" user=u0039 dur_ms=202 req=r0001373 status=201
2026-03-14T21:04:26.956Z [INFO] method=GET user=u0025 status=200 svc=api msg="ok" path=/products req=r0000898 dur_ms=89
2026-03-14T21:05:40.260Z [INFO] method=GET msg="completed" req=r0000286 status=200 dur_ms=16 user=u0008 svc=auth path=/users/me
2026-03-14T21:06:59.493Z [INFO] user=u0019 req=r0000671 path=/products msg="accepted" dur_ms=87 method=GET svc=api status=200
2026-03-14T22:08:32.212+01:00 [INFO] path=/payments svc=billing method=POST dur_ms=188 status=201 user=u0028 req=r0000982 msg="completed"
2026-03-14T23:22:59.776+02:00 [INFO] msg="accepted" user=u0026 dur_ms=72 req=r0000919 path=/cart status=200 method=POST svc=api
2026-03-14T21:10:51.629Z [INFO] dur_ms=75 method=GET req=r0000157 msg="accepted" svc=media user=u0005 status=200 path=/thumb
2026-03-14T21:10:53.634Z [INFO] user=u0026 method=GET req=r0000915 path=/suggest dur_ms=12 status=200 svc=search msg="completed"
2026-03-15T02:41:03.790+05:30 [INFO] svc=search path=/search dur_ms=224 req=r0001374 user=u0039 msg="no changes" method=GET status=200
2026-03-14T16:11:28.145-05:00 [INFO] method=GET req=r0000158 user=u0005 path=/search msg="no changes" dur_ms=138 svc=search status=200
2026-03-14T21:12:07.758Z [INFO] path=/products req=r0000916 method=GET dur_ms=48 status=200 msg="served from cache" svc=api user=u0026
2026-03-15T01:01:48.544+01:00 [INFO] status=304 req=r0000197 method=GET user=u0006 dur_ms=29 svc=search msg="served from cache" path=/suggest
2026-03-14T23:12:54.272+02:00 [INFO] status=200 req=r0000899 dur_ms=176 user=u0025 svc=search msg="ok" path=/search method=GET
2026-03-14T21:14:37.151Z [INFO] msg="completed" status=200 path=/suggest req=r0000159 method=GET dur_ms=41 user=u0005 svc=search
2026-03-15T02:44:49.112+05:30 [INFO] user=u0005 svc=api req=r0000160 status=200 path=/cart method=GET msg="accepted" dur_ms=46
2026-03-14T11:21:23.477Z [INFO] user=u0011 status=200 method=GET req=r0000397 msg="no changes" path=/suggest svc=search dur_ms=17
2026-03-14T21:15:29.501Z [INFO] method=GET msg="no changes" req=r0001375 status=200 user=u0039 svc=api path=/cart dur_ms=35
2026-03-14T21:16:07.010Z [INFO] msg="completed" path=/cart status=201 method=POST req=r0001376 svc=api user=u0039 dur_ms=116
2026-03-14T21:16:18.931Z [INFO] path=/cart svc=api status=200 msg="no changes" req=r0000672 dur_ms=67 user=u0019 method=GET
2026-03-14T21:16:53.911Z [INFO] req=r0000983 msg="served from cache" user=u0028 dur_ms=91 path=/suggest status=200 method=GET svc=search
2026-03-14T21:18:13.469Z [ERROR] req=r0001153 msg="connection reset by peer" status=503 svc=auth user=u0032 method=POST dur_ms=254 path=/token/refresh
2026-03-14T21:18:50.140Z [INFO] svc=billing dur_ms=92 msg="accepted" status=200 req=r0000288 user=u0008 path=/invoices method=GET
2026-03-14T21:19:33.971Z [INFO] user=u0007 dur_ms=130 status=200 msg="ok" req=r0000264 svc=search path=/search method=GET
2026-03-14T22:20:49.398+01:00 [WARN] svc=auth req=r0000918 user=u0026 dur_ms=74 method=POST status=400 msg="resource not found" path=/token/refresh
2026-03-14T20:12:59.786+05:30 [INFO] svc=api path=/products req=r0000510 dur_ms=42 method=GET status=200 user=u0014 msg="ok"
2026-03-14T16:22:27.568-05:00 [INFO] path=/products req=r0000265 status=200 method=GET svc=api msg="accepted" dur_ms=26 user=u0007
2026-03-14T21:09:22.112Z [INFO] method=GET path=/users/me dur_ms=29 svc=auth user=u0008 status=200 msg="served from cache" req=r0000287
2026-03-14T21:23:04.451Z [INFO] msg="completed" req=r0000161 user=u0005 path=/orders method=GET status=200 svc=api dur_ms=125
2026-03-14T21:23:14.621Z [INFO] req=r0000289 path=/cart msg="served from cache" svc=api user=u0008 dur_ms=50 method=GET status=200
2026-03-14T21:23:21.761Z [INFO] status=200 method=GET path=/users/me svc=auth req=r0000984 msg="no changes" user=u0028 dur_ms=51
2026-03-14T16:23:29.194-05:00 [INFO] method=GET req=r0000673 user=u0019 dur_ms=69 status=200 path=/users/me msg="accepted" svc=auth
2026-03-14T16:23:56.949-05:00 [INFO] method=GET svc=api path=/products status=200 user=u0005 req=r0000162 msg="accepted" dur_ms=61
2026-03-14T16:26:06.442-05:00 [INFO] status=200 msg="served from cache" user=u0039 method=GET svc=api path=/orders dur_ms=34 req=r0001377
2026-03-14T23:26:32.542+02:00 [INFO] method=GET dur_ms=15 req=r0000674 svc=search msg="accepted" status=200 user=u0019 path=/suggest
2026-03-14T21:26:37.480Z [INFO] method=GET status=200 path=/suggest user=u0039 req=r0001378 dur_ms=32 msg="completed" svc=search
2026-03-14T16:27:01.158-05:00 [INFO] status=200 req=r0000920 dur_ms=7 svc=search path=/suggest method=GET user=u0026 msg="served from cache"
2026-03-14T22:27:46.370+01:00 [INFO] msg="no changes" dur_ms=63 method=GET path=/suggest status=200 req=r0000675 user=u0019 svc=search
2026-03-14T21:27:46.744Z [INFO] status=200 msg="completed" req=r0000921 path=/search dur_ms=190 svc=search method=GET user=u0026
2026-03-14T21:27:54.417Z [INFO] status=200 msg="ok" path=/cart method=GET req=r0000985 svc=api user=u0028 dur_ms=72
2026-03-15T02:58:10.542+05:30 [INFO] msg="accepted" dur_ms=44 user=u0032 svc=api path=/products req=r0001154 method=GET status=200
2026-03-14T22:30:27.467+01:00 [INFO] svc=api user=u0007 req=r0000266 msg="completed" path=/orders status=200 dur_ms=55 method=GET
2026-03-14T21:31:02.698Z [INFO] dur_ms=74 method=GET req=r0000290 svc=search path=/search status=200 msg="no changes" user=u0008
2026-03-14T23:32:49.564+02:00 [INFO] user=u0005 msg="no changes" dur_ms=61 status=200 svc=media req=r0000163 method=GET path=/thumb
2026-03-14T21:33:09.048Z [INFO] status=200 user=u0019 path=/upload method=POST svc=media req=r0000676 dur_ms=373 msg="ok"
2026-03-14T21:33:19.406Z [INFO] req=r0000291 user=u0008 msg="ok" dur_ms=38 path=/users/me method=GET status=200 svc=auth
2026-03-14T21:34:16.417Z [INFO] user=u0026 status=201 path=/payments method=POST svc=billing msg="no changes" dur_ms=337 req=r0000922
2026-03-14T22:34:20.989+01:00 [INFO] svc=auth user=u0039 dur_ms=40 path=/users/me msg="ok" req=r0001379 method=GET status=200
2026-03-14T23:37:22.201+02:00 [INFO] status=200 req=r0000986 dur_ms=36 msg="accepted" method=GET user=u0028 path=/products svc=api
2026-03-14T21:37:36.042Z [INFO] svc=search user=u0032 status=200 msg="no changes" req=r0001155 path=/search method=GET dur_ms=224
2026-03-14T16:38:27.153-05:00 [INFO] path=/cart msg="no changes" dur_ms=27 svc=api user=u0008 req=r0000292 status=200 method=POST
2026-03-14T21:39:09.611Z [WARN] path=/cart svc=api msg="invalid parameter" status=404 dur_ms=28 method=GET user=u0007 req=r0000267
2026-03-14T21:39:28.530Z [INFO] status=200 svc=auth path=/token/refresh req=r0000677 user=u0019 dur_ms=73 method=POST msg="accepted"
2026-03-14T21:42:17.811Z [INFO] status=200 method=POST req=r0000164 svc=auth msg="completed" user=u0005 path=/login dur_ms=124
2026-03-14T21:42:48.780Z [INFO] dur_ms=34 svc=search method=GET msg="ok" status=200 req=r0000184 user=u0006 path=/suggest
2026-03-14T21:42:54.272Z [INFO] method=GET status=200 svc=api req=r0000900 user=u0025 dur_ms=85 path=/orders msg="ok"
2026-03-14T23:16:22.367+01:00 [INFO] req=r0001381 dur_ms=280 status=201 method=POST path=/checkout user=u0039 svc=billing msg="no changes"
2026-03-14T21:43:21.672Z [INFO] dur_ms=29 svc=api path=/products user=u0039 method=GET msg="accepted" status=200 req=r0001380
2026-03-14T21:43:49.763Z [INFO] dur_ms=148 path=/payments method=POST msg="no changes" user=u0026 status=201 svc=billing req=r0000923
2026-03-14T16:43:56.901-05:00 [INFO] dur_ms=40 req=r0000268 status=200 path=/suggest svc=search msg="accepted" method=GET user=u0007
2026-03-14T21:43:58.697Z [INFO] msg="no changes" dur_ms=88 method=POST req=r0000785 path=/cart user=u0022 svc=api status=201
2026-03-14T22:44:01.629+01:00 [INFO] svc=search msg="accepted" status=200 method=GET req=r0000293 user=u0008 dur_ms=162 path=/search
2026-03-14T21:45:20.122Z [INFO] path=/orders user=u0028 msg="accepted" method=GET status=200 req=r0000987 svc=api dur_ms=37
2026-03-15T03:16:11.533+05:30 [INFO] status=200 req=r0000269 method=GET dur_ms=44 user=u0007 path=/users/me msg="accepted" svc=auth
2026-03-14T21:46:35.287Z [WARN] user=u0023 svc=billing method=POST status=400 req=r0000788 msg="rate limited" dur_ms=267 path=/checkout
2026-03-14T21:46:39.301Z [WARN] path=/login msg="resource not found" dur_ms=101 req=r0001156 user=u0032 method=POST status=429 svc=auth
2026-03-14T21:46:48.927Z [INFO] method=GET user=u0008 status=304 msg="ok" svc=search dur_ms=20 req=r0000294 path=/suggest
2026-03-14T23:46:54.253+02:00 [INFO] user=u0022 req=r0000786 path=/cart status=200 msg="completed" svc=api dur_ms=77 method=GET
2026-03-14T16:46:55.052-05:00 [INFO] user=u0023 svc=search dur_ms=91 status=200 req=r0000789 msg="served from cache" path=/search method=GET
2026-03-14T21:47:00.529Z [INFO] req=r0000270 msg="ok" user=u0007 status=200 svc=api path=/products method=GET dur_ms=20
2026-03-14T22:47:47.065+01:00 [INFO] svc=search req=r0000678 user=u0019 status=200 msg="accepted" path=/suggest method=GET dur_ms=18
2026-03-14T21:48:41.877Z [INFO] req=r0000790 svc=api status=200 dur_ms=192 method=GET msg="accepted" user=u0023 path=/orders
2026-03-15T03:19:35.026+05:30 [INFO] dur_ms=142 status=201 svc=auth req=r0000295 user=u0008 method=POST msg="no changes" path=/login
2026-03-14T22:50:01.791+01:00 [INFO] path=/login user=u0007 msg="no changes" method=POST status=200 dur_ms=563 req=r0000271 svc=auth
2026-03-14T23:50:54.336+02:00 [INFO] status=200 user=u0025 path=/orders method=GET svc=api req=r0000901 msg="completed" dur_ms=56
2026-03-14T16:52:35.109-05:00 [INFO] msg="completed" user=u0006 path=/orders req=r0000186 method=GET dur_ms=145 svc=api status=200
2026-03-15T03:22:59.308+05:30 [INFO] msg="served from cache" status=200 svc=search user=u0031 req=r0001095 method=GET path=/search dur_ms=362
2026-03-14T22:53:19.992+01:00 [INFO] dur_ms=126 user=u0032 status=201 method=POST msg="served from cache" req=r0001157 path=/login svc=auth
2026-03-14T21:53:58.157Z [INFO] dur_ms=47 path=/orders msg="served from cache" user=u0025 status=200 method=GET req=r0000902 svc=api
2026-03-14T23:54:00.621+02:00 [INFO] method=GET path=/users/me dur_ms=25 msg="ok" req=r0000787 user=u0022 svc=auth status=200
2026-03-14T21:54:13.459Z [INFO] dur_ms=31 method=GET user=u0019 msg="accepted" svc=auth path=/users/me req=r0000679 status=200
2026-03-14T16:54:37.857-05:00 [INFO] req=r0000988 msg="completed" path=/cart method=GET status=200 svc=api user=u0028 dur_ms=80
2026-03-14T23:54:52.833+02:00 [WARN] dur_ms=54 user=u0008 svc=auth req=r0000296 status=404 msg="client sent malformed \"payload\"" method=GET path=/users/me
2026-03-14T21:55:43.595Z [INFO] dur_ms=37 req=r0001158 msg="accepted" svc=api status=200 method=GET path=/cart user=u0032
2026-03-14T21:55:49.942Z [INFO] msg="served from cache" svc=search dur_ms=177 req=r0000680 path=/search status=200 user=u0019 method=GET
2026-03-14T04:21:59.853+02:00 [INFO] msg="no changes" dur_ms=32 user=u0040 svc=auth method=POST req=r0001403 status=201 path=/token/refresh
2026-03-14T21:55:54.358Z [INFO] req=r0000903 status=200 method=GET dur_ms=50 svc=api msg="ok" user=u0025 path=/orders
2026-03-14T21:56:00.583Z [INFO] status=200 dur_ms=36 method=GET user=u0019 msg="served from cache" path=/suggest svc=search req=r0000681
2026-03-14T22:23:27.231Z [INFO] msg="completed" user=u0008 method=POST status=200 req=r0000302 svc=api dur_ms=75 path=/cart
# logrotate: rotated at block 392
2026-03-14T22:57:34.909+01:00 [INFO] msg="served from cache" path=/products method=GET req=r0000989 dur_ms=70 svc=api status=200 user=u0028
2026-03-14T21:57:47.829Z [INFO] req=r0000187 dur_ms=150 method=GET user=u0006 msg="ok" svc=search status=200 path=/search
2026-03-14T21:58:04.449Z [INFO] dur_ms=32 req=r0000791 status=200 path=/token/refresh svc=auth method=POST user=u0023 msg="served from cache"
2026-03-14T23:59:51.218+02:00 [WARN] svc=auth path=/token/refresh msg="rate limited" user=u0006 method=POST req=r0000188 status=400 dur_ms=66
2026-03-14T23:44:14.190Z [INFO] path=/products user=u0002 status=200 req=r0000073 dur_ms=34 svc=api method=GET msg="completed"
2026-03-14T22:00:57.009Z [INFO] method=GET svc=auth msg="ok" user=u0025 status=200 dur_ms=27 req=r0000905 path=/users/me
2026-03-14T22:02:10.366Z [INFO] svc=api msg="accepted" req=r0000682 path=/products user=u0019 dur_ms=114 method=GET status=200
2026-03-14T22:02:40.726Z [INFO] status=200 msg="no changes" user=u0010 path=/thumb svc=media dur_ms=95 req=r0000379 method=GET
2026-03-15T00:02:41.079+02:00 [INFO] status=200 path=/token/refresh req=r0000297 msg="ok" user=u0008 dur_ms=32 method=POST svc=auth
2026-03-14T23:03:24.667+01:00 [INFO] status=200 path=/invoices method=GET user=u0019 dur_ms=161 svc=billing msg="accepted" req=r0000683
2026-03-14T23:04:48.348+01:00 [INFO] method=GET user=u0008 path=/products msg="ok" dur_ms=56 status=200 svc=api req=r0000298
2026-03-14T22:04:50.613Z [WARN] svc=api path=/cart user=u0006 msg="rate limited" dur_ms=128 status=400 req=r0000189 method=POST
2026-03-14T23:04:53.566+01:00 [INFO] path=/login dur_ms=114 user=u0032 status=200 req=r0001159 svc=auth method=POST msg="ok"
2026-03-14T22:06:27.007Z [INFO] status=200 req=r0001160 user=u0032 path=/products dur_ms=194 svc=api msg="accepted" method=GET
2026-03-14T22:12:17.811Z [INFO] method=GET dur_ms=65 path=/products msg="served from cache" user=u0005 req=r0000165 svc=api status=200
2026-03-14T23:12:21.008+01:00 [INFO] dur_ms=21 method=GET user=u0008 status=200 req=r0000299 svc=api path=/products msg="accepted"
2026-03-14T22:12:28.544Z [INFO] req=r0001161 path=/upload user=u0032 svc=media method=POST status=200 dur_ms=665 msg="accepted"
2026-03-14T23:12:46.855+01:00 [INFO] status=200 dur_ms=70 method=GET svc=auth msg="accepted" user=u0032 req=r0001162 path=/users/me
2026-03-14T23:13:06.528+01:00 [INFO] req=r0000300 status=200 path=/users/me user=u0008 dur_ms=25 svc=auth msg="completed" method=GET
2026-03-14T22:13:15.962Z [INFO] status=200 method=GET req=r0000190 dur_ms=32 path=/products msg="accepted" user=u0006 svc=api
2026-03-15T01:03:14.132+02:00 [INFO] svc=api path=/cart msg="ok" status=200 method=GET dur_ms=54 user=u0002 req=r0000067
2026-03-14T22:16:28.128Z [INFO] svc=api req=r0001382 dur_ms=48 user=u0039 path=/products status=200 method=GET msg="no changes"
2026-03-14T17:18:44.368-05:00 [INFO] status=200 method=POST user=u0008 req=r0000301 svc=auth path=/login msg="no changes" dur_ms=171
2026-03-14T23:19:05.977+01:00 [INFO] svc=api path=/products msg="served from cache" user=u0005 dur_ms=40 status=200 req=r0000166 method=GET
2026-03-14T22:19:43.534Z [INFO] status=200 path=/suggest method=GET msg="accepted" user=u0026 dur_ms=28 svc=search req=r0000924
2026-03-14T22:22:22.673Z [INFO] dur_ms=36 user=u0026 svc=search method=GET req=r0000925 path=/suggest status=200 msg="served from cache"
2026-03-14T23:23:10.117+01:00 [INFO] msg="no changes" user=u0039 dur_ms=66 path=/users/me status=200 svc=auth method=GET req=r0001383
2026-03-14T22:56:26.223+01:00 [INFO] msg="no changes" path=/products req=r0001096 status=200 dur_ms=44 user=u0031 svc=api method=GET
2026-03-14T23:26:26.223+01:00 [INFO] user=u0031 req=r0001097 status=201 path=/token/refresh method=POST dur_ms=109 svc=auth msg="ok"
2026-03-14T23:28:00.941+01:00 [INFO] user=u0005 dur_ms=75 path=/cart svc=api method=GET msg="no changes" req=r0000167 status=200
2026-03-14T22:28:04.449Z [INFO] dur_ms=62 status=200 req=r0000792 svc=media path=/thumb method=GET user=u0023 msg="served from cache"
2026-03-15T00:29:41.241+02:00 [INFO] user=u0008 req=r0000303 dur_ms=22 path=/users/me status=200 svc=auth msg="served from cache" method=GET
2026-03-14T22:30:09.641Z [INFO] status=200 msg="served from cache" dur_ms=98 method=GET req=r0000168 user=u0005 path=/products svc=api
2026-03-14T22:31:09.795Z [INFO] method=POST status=200 dur_ms=91 msg="completed" path=/login svc=auth req=r0000926 user=u0026
2026-03-14T22:52:15.741Z [INFO] req=r0000273 dur_ms=30 svc=api msg="completed" method=GET status=200 path=/products user=u0007
2026-03-14T23:33:13.685+01:00 [INFO] status=200 req=r0000793 svc=auth user=u0023 method=GET dur_ms=13 path=/users/me msg="ok"
2026-03-15T00:35:28.321+02:00 [INFO] svc=search dur_ms=38 req=r0000169 status=200 user=u0005 method=GET path=/suggest msg="ok"
2026-03-14T23:36:17.344+01:00 [ERROR] req=r0001098 user=u0031 svc=search path=/search msg="upstream timeout after 3 retries" status=502 dur_ms=348 method=GET
2026-03-14T23:36:36.034+01:00 [WARN] path=/cart status=404 method=GET dur_ms=20 req=r0000062 msg="client sent malformed \"payload\"" user=u0002 svc=api
2026-03-14T23:36:42.198+01:00 [INFO] path=/checkout dur_ms=225 method=POST svc=billing user=u0008 req=r0000304 msg="completed" status=201
2026-03-14T23:36:55.404+01:00 [INFO] status=200 svc=auth user=u0008 path=/login method=POST msg="accepted" req=r0000305 dur_ms=108
2026-03-14T22:37:24.958Z [INFO] path=/token/refresh dur_ms=51 status=201 user=u0026 svc=auth method=POST req=r0000927 msg="served from cache"
2026-03-14T22:37:30.517Z [ERROR] msg="database unavailable" user=u0026 status=500 req=r0000928 path=/cart svc=api method=POST dur_ms=367
2026-03-14T17:37:32.651-05:00 [ERROR] msg="connection reset by peer" req=r0000928 dur_ms=444 method=POST user=u0026 retry=1 status=502 path=/cart svc=api
2026-03-14T22:37:34.005Z [INFO] req=r0000928 user=u0026 method=POST dur_ms=66 msg="accepted" svc=api retry=2 path=/cart status=201
2026-03-15T04:07:48.009+05:30 [INFO] req=r0001099 method=POST dur_ms=980 user=u0031 msg="served from cache" status=200 path=/upload svc=media
2026-03-14T22:39:06.369Z [INFO] svc=api method=POST status=201 req=r0000170 user=u0005 msg="served from cache" dur_ms=55 path=/cart
2026-03-14T23:39:24.653+01:00 [INFO] dur_ms=79 path=/orders status=200 svc=api msg="ok" method=GET req=r0000929 user=u0026
2026-03-14T22:39:38.631Z [INFO] msg="no changes" user=u0008 path=/cart method=GET req=r0000306 svc=api status=200 dur_ms=65
2026-03-14T23:40:00.340+01:00 [INFO] status=200 method=GET path=/thumb msg="ok" req=r0000171 svc=media dur_ms=54 user=u0005
2026-03-14T23:42:49.030Z [INFO] method=POST path=/upload status=201 msg="completed" req=r0000908 svc=media dur_ms=1563 user=u0025
2026-03-15T02:07:57.521+05:30 [INFO] status=200 msg="ok" req=r0000280 path=/users/me user=u0008 dur_ms=19 method=GET svc=auth
2026-03-14T23:41:25.228+01:00 [INFO] method=POST path=/payments dur_ms=519 user=u0031 status=201 req=r0001100 svc=billing msg="served from cache"
2026-03-14T23:44:39.338+01:00 [INFO] status=200 svc=api msg="no changes" path=/products user=u0026 method=GET dur_ms=164 req=r0000930
2026-03-14T22:45:19.888Z [INFO] method=GET dur_ms=52 svc=api status=200 msg="ok" req=r0000931 path=/products user=u0026
2026-03-14T23:46:18.220+01:00 [INFO] msg="ok" req=r0000064 method=GET path=/users/me dur_ms=40 svc=auth status=200 user=u0002
2026-03-14T23:46:38.949+01:00 [INFO] method=POST user=u0007 dur_ms=235 path=/checkout status=201 msg="ok" svc=billing req=r0000272
2026-03-14T22:47:37.971Z [INFO] dur_ms=16 method=GET req=r0000795 user=u0023 svc=api msg="no changes" path=/cart status=200
2026-03-14T22:47:41.602Z [INFO] user=u0008 method=GET msg="served from cache" path=/cart dur_ms=67 req=r0000307 status=200 svc=api
2026-03-15T00:47:46.678+02:00 [INFO] dur_ms=71 status=200 svc=api msg="ok" method=GET user=u0005 req=r0000172 path=/orders
2026-03-15T04:19:08.627+05:30 [INFO] status=200 method=GET req=r0000065 dur_ms=27 svc=search user=u0002 msg="no changes" path=/suggest
2026-03-14T23:49:37.086+01:00 [INFO] user=u0031 dur_ms=80 svc=search status=200 req=r0001101 path=/search method=GET msg="ok"
2026-03-14T22:50:36.886Z [INFO] req=r0000308 msg="ok" path=/thumb user=u0008 svc=media dur_ms=53 method=GET status=304
2026-03-14T23:51:13.671+01:00 [INFO] req=r0000932 svc=search dur_ms=12 path=/suggest user=u0026 status=200 msg="completed" method=GET
2026-03-14T22:51:45.594Z [INFO] path=/orders user=u0023 req=r0000796 msg="no changes" dur_ms=57 status=200 svc=api method=GET
2026-03-14T23:32:51.994+01:00 [INFO] user=u0039 method=GET path=/search dur_ms=193 req=r0001384 msg="accepted" svc=search status=200
2026-03-14T22:54:12.586Z [ERROR] method=POST dur_ms=269 path=/cart msg="connection reset by peer" user=u0026 svc=api req=r0000933 status=502
    at com.example.Client.run(A.java:93)
    at com.example.Pool.run(A.java:143)
    at com.example.Pool.run(B.java:368)
    at com.example.Client.run(A.java:77)
2026-03-14T22:54:30.782Z [INFO] msg="no changes" req=r0001102 path=/products status=200 method=GET svc=api user=u0031 dur_ms=28
2026-03-14T22:55:23.595Z [INFO] method=GET req=r0000797 status=200 svc=search user=u0023 msg="completed" path=/suggest dur_ms=25
2026-03-14T22:55:39.615Z [INFO] path=/products svc=api dur_ms=74 status=200 method=GET msg="ok" req=r0000173 user=u0005
2026-03-14T22:56:14.975Z [INFO] dur_ms=25 msg="ok" status=200 req=r0000934 method=GET svc=search user=u0026 path=/suggest
2026-03-14T22:56:45.562Z [INFO] svc=auth msg="completed" path=/login dur_ms=151 status=200 user=u0023 req=r0000798 method=POST
2026-03-14T17:56:53.887-05:00 [INFO] dur_ms=111 svc=auth path=/login msg="no changes" req=r0001103 method=POST status=200 user=u0031
2026-03-14T17:57:18.238-05:00 [INFO] method=POST path=/payments user=u0031 svc=billing status=201 msg="served from cache" dur_ms=182 req=r0001104
2026-03-14T23:57:31.921+01:00 [INFO] status=200 path=/orders req=r0000799 dur_ms=61 svc=api user=u0023 msg="accepted" method=GET
2026-03-14T22:57:58.201Z [INFO] path=/products status=200 msg="no changes" req=r0000066 user=u0002 method=GET dur_ms=91 svc=api
2026-03-15T00:58:57.411+02:00 [INFO] method=GET svc=api user=u0005 req=r0000174 msg="no changes" path=/cart status=200 dur_ms=33
2026-03-15T01:01:40.583+02:00 [INFO] path=/search method=GET status=200 svc=search msg="accepted" user=u0026 dur_ms=145 req=r0000935
2026-03-14T23:02:10.611Z [INFO] user=u0007 svc=api req=r0000274 msg="completed" path=/products method=GET dur_ms=86 status=200
# logrotate: rotated at block 201
2026-03-14T21:23:14.621Z [INFO] req=r0000289 path=/cart msg="served from cache" svc=api user=u0008 dur_ms=50 method=GET status=200
2026-03-14T23:43:05.681+02:00 [INFO] method=GET dur_ms=27 user=u0006 status=200 path=/users/me svc=auth req=r0000185 msg="ok"
2026-03-15T00:04:15.771+01:00 [WARN] dur_ms=49 req=r0000800 path=/products svc=api method=GET user=u0023 msg="resource not found" status=429
2026-03-15T00:05:52.307+01:00 [INFO] dur_ms=10 status=200 msg="completed" req=r0000175 path=/suggest svc=search method=GET user=u0005
2026-03-14T23:06:16.746Z [INFO] user=u0031 path=/login msg="completed" req=r0001105 method=POST dur_ms=125 status=200 svc=auth
2026-03-15T01:44:16.442Z [WARN] user=u0002 req=r0000080 svc=api msg="client sent malformed \"payload\"" status=404 dur_ms=56 method=GET path=/cart
2026-03-14T23:09:05.695Z [INFO] path=/products req=r0000068 user=u0002 svc=api msg="no changes" dur_ms=62 method=GET status=200
2026-03-15T04:39:39.932+05:30 [INFO] req=r0000069 path=/products msg="served from cache" status=200 svc=api user=u0002 method=GET dur_ms=52
2026-03-14T23:10:34.049Z [INFO] user=u0026 req=r0000937 status=200 method=GET path=/search svc=search dur_ms=223 msg="accepted"
2026-03-14T23:11:00.655Z [INFO] method=GET user=u0005 path=/users/me dur_ms=55 status=200 req=r0000176 svc=auth msg="ok"
2026-03-14T23:11:37.925Z [INFO] method=GET user=u0023 svc=search status=200 msg="completed" path=/search req=r0000801 dur_ms=711
2026-03-14T23:12:56.448Z [INFO] req=r0001106 method=GET user=u0031 svc=search status=200 path=/search dur_ms=63 msg="ok"
2026-03-14T23:17:13.003Z [INFO] msg="completed" req=r0000177 status=200 user=u0005 method=GET dur_ms=77 path=/search svc=search
2026-03-14T23:18:00.326Z [INFO] path=/products user=u0002 req=r0000070 method=GET dur_ms=29 svc=api status=304 msg="ok"
2026-03-14T23:19:18.603Z [INFO] method=GET status=200 req=r0001107 svc=billing user=u0031 msg="accepted" dur_ms=44 path=/invoices
2026-03-14T23:21:35.980Z [INFO] method=GET req=r0000802 status=200 msg="no changes" path=/users/me user=u0023 svc=auth dur_ms=56
2026-03-15T00:25:16.861+01:00 [INFO] svc=auth path=/users/me user=u0005 dur_ms=101 method=GET status=200 req=r0000178 msg="served from cache"
2026-03-14T23:27:13.250Z [INFO] svc=search method=GET path=/suggest status=200 req=r0000179 msg="served from cache" user=u0005 dur_ms=21
2026-03-14T18:27:51.747-05:00 [INFO] method=POST status=200 req=r0000071 user=u0002 svc=media msg="served from cache" path=/upload dur_ms=506
2026-03-15T00:28:39.207+01:00 [INFO] user=u0005 msg="completed" req=r0000180 dur_ms=89 status=201 path=/cart svc=api method=POST
2026-03-14T18:32:45.501-05:00 [INFO] path=/suggest status=200 method=GET dur_ms=23 req=r0000181 user=u0005 msg="served from cache" svc=search
2026-03-14T23:33:47.433Z [INFO] dur_ms=91 status=201 user=u0025 method=POST msg="served from cache" path=/login req=r0000906 svc=auth
2026-03-14T23:35:00.152Z [INFO] method=GET status=200 svc=search req=r0000191 path=/search msg="accepted" user=u0006 dur_ms=226
2026-03-14T18:35:19.637-05:00 [INFO] dur_ms=46 status=201 path=/login msg="completed" req=r0000072 method=POST svc=auth user=u0002
2026-03-14T18:36:04.757-05:00 [INFO] req=r0001385 user=u0039 path=/orders svc=api status=200 method=GET dur_ms=131 msg="served from cache"
2026-03-14T18:36:30.501-05:00 [INFO] msg="accepted" svc=media method=GET status=200 dur_ms=59 req=r0000192 path=/thumb user=u0006
2026-03-14T23:36:46.952Z [INFO] dur_ms=62 msg="completed" path=/products req=r0000193 user=u0006 svc=api method=GET status=200
2026-03-14T23:40:51.316Z [INFO] req=r0000182 dur_ms=39 user=u0005 method=GET path=/products status=200 msg="ok" svc=api
2026-03-15T00:42:26.426+01:00 [INFO] dur_ms=24 msg="served from cache" method=POST svc=auth status=201 req=r0000907 user=u0025 path=/token/refresh
2026-03-14T23:40:32.571+01:00 [INFO] user=u0002 req=r0000063 dur_ms=46 path=/thumb msg="no changes" method=GET svc=media status=200
2026-03-15T00:43:34.172+01:00 [INFO] path=/orders svc=api msg="completed" status=200 user=u0028 dur_ms=101 req=r0000990 method=GET
2026-03-14T22:00:55.698Z [INFO] path=/users/me user=u0025 method=GET msg="completed" status=200 dur_ms=21 req=r0000904 svc=auth
2026-03-14T18:44:22.272-05:00 [INFO] req=r0000194 msg="accepted" user=u0006 status=200 svc=auth dur_ms=101 path=/login method=POST
2026-03-14T23:44:29.702Z [INFO] dur_ms=74 req=r0000183 svc=auth method=POST msg="completed" user=u0005 status=200 path=/login
2026-03-14T23:45:08.179Z [WARN] req=r0001386 msg="resource not found" user=u0039 svc=search status=429 dur_ms=33 method=GET path=/suggest
2026-03-14T18:47:52.639-05:00 [INFO] user=u0002 status=200 path=/suggest dur_ms=15 method=GET svc=search msg="ok" req=r0000074
2026-03-15T00:48:44.395+01:00 [INFO] status=200 method=GET path=/suggest msg="no changes" req=r0001387 svc=search dur_ms=22 user=u0039
2026-03-15T01:50:43.502+02:00 [WARN] user=u0006 method=GET svc=api msg="rate limited" req=r0000195 dur_ms=42 path=/products status=404
2026-03-14T23:51:15.592Z [INFO] status=200 method=POST svc=auth path=/login req=r0001351 msg="no changes" dur_ms=110 user=u0038
2026-03-14T23:51:17.155Z [INFO] path=/thumb msg="served from cache" req=r0000909 svc=media method=GET user=u0025 dur_ms=101 status=200
2026-03-14T23:51:37.838Z [INFO] path=/users/me method=GET svc=auth req=r0001352 msg="no changes" dur_ms=9 user=u0038 status=200
2026-03-15T00:51:51.488+01:00 [INFO] path=/checkout svc=billing msg="completed" user=u0002 req=r0000075 dur_ms=330 method=POST status=201
2026-03-14T23:52:09.244Z [INFO] status=200 user=u0039 method=GET dur_ms=151 path=/products msg="ok" svc=api req=r0001388
2026-03-14T07:50:13.026Z [INFO] svc=auth user=u0001 status=201 msg="served from cache" path=/login req=r0000015 dur_ms=77 method=POST
2026-03-15T00:53:02.660+01:00 [INFO] method=GET dur_ms=91 req=r0000991 status=200 user=u0028 path=/thumb msg="ok" svc=media
2026-03-14T23:54:37.216Z [INFO] method=GET req=r0000196 dur_ms=41 user=u0006 svc=api path=/cart msg="no changes" status=200
2026-03-15T00:56:10.817+01:00 [INFO] path=/orders svc=api req=r0001389 dur_ms=104 status=200 msg="no changes" user=u0039 method=GET
2026-03-14T23:58:16.650Z [INFO] dur_ms=16 method=GET user=u0025 path=/suggest status=200 msg="completed" svc=search req=r0000910
2026-03-15T00:59:01.410+01:00 [INFO] user=u0039 msg="accepted" path=/thumb dur_ms=62 status=200 method=GET req=r0001390 svc=media
2026-03-14T17:55:20.470Z [ERROR] user=u0010 dur_ms=1180 status=500 msg="connection reset by peer" path=/search svc=search method=GET req=r0000369
2026-03-15T00:02:46.727Z [WARN] req=r0000992 status=404 user=u0028 dur_ms=23 msg="invalid parameter" method=GET path=/cart svc=api
2026-03-15T00:02:47.516Z [INFO] dur_ms=55 msg="accepted" svc=api path=/orders user=u0039 status=200 method=GET req=r0001391
2026-03-15T01:01:35.467Z [WARN] path=/token/refresh svc=auth msg="resource not found" user=u0032 status=400 dur_ms=52 method=POST req=r0001174
2026-03-15T00:05:53.826Z [INFO] svc=search msg="completed" status=200 user=u0026 req=r0000938 method=GET dur_ms=33 path=/suggest
2026-03-14T19:07:47.149-05:00 [INFO] svc=api req=r0000939 msg="served from cache" dur_ms=65 status=200 user=u0026 path=/products method=GET
2026-03-15T00:08:27.073Z [ERROR] status=502 req=r0000940 user=u0026 svc=auth dur_ms=186 path=/token/refresh msg="upstream timeout after 3 retries" method=POST
2026-03-15T02:08:28.827+02:00 [INFO] path=/search status=200 svc=search user=u0028 dur_ms=114 method=GET req=r0000994 msg="ok"
2026-03-15T01:09:01.568+01:00 [INFO] method=GET msg="no changes" dur_ms=44 req=r0001163 path=/suggest status=200 svc=search user=u0032
2026-03-15T00:09:24.413Z [INFO] user=u0026 status=200 svc=search req=r0000941 msg="no changes" path=/search dur_ms=153 method=GET
2026-03-15T00:11:04.622Z [INFO] method=POST status=201 req=r0000198 user=u0006 svc=auth dur_ms=189 path=/login msg="accepted"
2026-03-15T00:12:37.363Z [INFO] user=u0026 req=r0000942 svc=search dur_ms=529 status=200 method=GET path=/search msg="completed"
2026-03-15T01:14:55.103+01:00 [INFO] path=/users/me req=r0001164 user=u0032 status=200 msg="completed" method=GET svc=auth dur_ms=26
2026-03-15T01:17:00.569+01:00 [INFO] dur_ms=18 svc=auth path=/users/me method=GET req=r0000995 msg="accepted" user=u0028 status=200
2026-03-15T00:17:01.048Z [INFO] path=/search dur_ms=268 status=200 msg="served from cache" req=r0000943 method=GET svc=search user=u0026
2026-03-15T02:47:18.740Z [INFO] req=r0001116 user=u0031 method=GET msg="completed" path=/users/me status=200 dur_ms=25 svc=auth
2026-03-15T00:19:05.601Z [WARN] dur_ms=85 svc=api req=r0001165 msg="client sent malformed \"payload\"" method=POST user=u0032 path=/cart status=404
2026-03-15T00:20:22.533Z [INFO] dur_ms=144 method=GET msg="no changes" svc=api req=r0000200 path=/products user=u0006 status=200
2026-03-15T00:23:42.141Z [INFO] path=/users/me dur_ms=36 user=u0028 method=GET status=200 req=r0000996 msg="completed" svc=auth
2026-03-15T00:46:07.978Z [INFO] status=200 msg="completed" req=r0000999 dur_ms=166 svc=search user=u0028 method=GET path=/search
2026-03-15T00:27:07.267Z [INFO] method=GET dur_ms=66 user=u0032 path=/products req=r0001166 msg="no changes" status=200 svc=api
2026-03-15T05:57:34.823+05:30 [INFO] path=/orders req=r0001167 method=GET status=200 user=u0032 msg="no changes" dur_ms=56 svc=api
2026-03-15T07:11:57.645Z [INFO] req=r0001145 user=u0031 retry=1 path=/users/me method=GET msg="ok" dur_ms=32 svc=auth status=200
2026-03-15T00:28:00.946Z [INFO] user=u0006 method=GET status=200 req=r0000201 msg="completed" svc=api dur_ms=48 path=/orders
2026-03-15T02:28:02.957+02:00 [INFO] svc=billing status=201 dur_ms=433 path=/payments msg="completed" req=r0001108 method=POST user=u0031
2026-03-15T00:29:22.540Z [INFO] svc=api msg="ok" req=r0000945 status=200 method=POST path=/cart dur_ms=54 user=u0026
2026-03-15T00:29:45.714Z [INFO] svc=auth status=200 req=r0001168 method=GET path=/users/me dur_ms=20 msg="no changes" user=u0032
2026-03-15T01:32:03.008+01:00 [INFO] method=GET dur_ms=10 msg="accepted" svc=search path=/suggest req=r0001109 status=200 user=u0031
2026-03-14T19:32:52.080-05:00 [WARN] method=POST path=/checkout req=r0001169 msg="resource not found" dur_ms=384 user=u0032 status=400 svc=billing
2026-03-15T00:34:16.114Z [WARN] status=400 method=GET req=r0000202 dur_ms=96 svc=api path=/products user=u0006 msg="resource not found"
2026-03-15T02:35:16.691+02:00 [INFO] svc=auth user=u0038 path=/token/refresh msg="accepted" req=r0001353 dur_ms=55 method=POST status=201
2026-03-15T00:36:05.605Z [ERROR] svc=api user=u0026 msg="database unavailable" dur_ms=185 method=GET req=r0000946 status=500 path=/products
    at com.example.Client.run(B.java:92)
    at com.example.Client.run(B.java:156)
2026-03-15T01:36:26.842+01:00 [INFO] req=r0000203 method=GET status=200 dur_ms=228 user=u0006 path=/search svc=search msg="accepted"
2026-03-14T21:23:14.621Z [INFO] req=r0000289 path=/cart msg="served from cache" svc=api user=u0008 dur_ms=50 method=GET status=200
2026-03-14T19:36:53.262-05:00 [INFO] path=/products status=200 msg="no changes" svc=api req=r0000998 dur_ms=73 user=u0028 method=GET
2026-03-15T00:40:45.175Z [INFO] dur_ms=205 path=/orders method=GET req=r0001170 user=u0032 svc=api msg="completed" status=200
2026-03-14T19:40:59.847-05:00 [INFO] msg="ok" req=r0001354 svc=billing dur_ms=422 status=201 user=u0038 method=POST path=/checkout
2026-03-15T01:43:38.532+01:00 [INFO] path=/orders status=200 dur_ms=63 req=r0001355 svc=api method=GET msg="no changes" user=u0038
2026-03-15T01:45:17.297+01:00 [ERROR] req=r0000947 msg="database unavailable" svc=search method=GET dur_ms=965 path=/search status=503 user=u0026
2026-03-15T00:45:20.414Z [INFO] msg="served from cache" req=r0000204 svc=media path=/thumb status=200 method=GET user=u0006 dur_ms=89
2026-03-15T00:45:35.987Z [INFO] msg="served from cache" user=u0038 method=GET dur_ms=26 req=r0001356 status=200 svc=search path=/suggest
2026-13-40T99:99:99.000Z [INFO] impossible timestamp
2026-03-15T05:54:20.734+05:30 [WARN] method=POST user=u0026 status=404 svc=api req=r0000944 dur_ms=189 msg="client sent malformed \"payload\"" path=/cart
2026-03-14T19:48:39.530-05:00 [INFO] msg="no changes" user=u0038 req=r0001357 svc=billing status=200 path=/invoices method=GET dur_ms=125
2026-03-15T00:48:47.085Z [INFO] msg="completed" svc=api path=/products method=GET status=200 user=u0032 req=r0001171 dur_ms=56
2026-03-15T01:50:57.980+01:00 [INFO] user=u0038 status=201 req=r0001358 path=/cart svc=api dur_ms=62 msg="completed" method=POST
2026-03-15T01:52:11.269+01:00 [INFO] dur_ms=287 status=200 method=GET svc=search path=/search req=r0001172 msg="served from cache" user=u0032
2026-03-15T00:52:21.930Z [INFO] user=u0028 status=200 path=/cart method=POST svc=api req=r0001000 dur_ms=62 msg="accepted"
2026-03-15T01:53:08.623+01:00 [INFO] msg="no changes" status=201 user=u0028 method=POST svc=auth path=/login dur_ms=141 req=r0001001
# logrotate: rotated at block 91
2026-03-15T00:53:22.207Z [INFO] msg="accepted" method=GET path=/orders svc=api req=r0001359 dur_ms=102 status=200 user=u0038
2026-03-15T00:54:18.654Z [INFO] req=r0000275 method=GET svc=auth status=200 user=u0007 msg="accepted" path=/users/me dur_ms=13
2026-03-15T02:33:51.475Z [INFO] dur_ms=628 status=201 path=/upload msg="no changes" user=u0028 req=r0001024 method=POST svc=media
2026-03-15T00:57:07.537Z [INFO] method=POST svc=api msg="served from cache" dur_ms=47 req=r0001173 status=200 path=/cart user=u0032
2026-03-15T00:58:31.519Z [INFO] method=GET svc=auth user=u0028 msg="served from cache" req=r0001002 path=/users/me dur_ms=20 status=200
# logrotate: rotated at block 384
2026-03-15T02:00:06.730+01:00 [INFO] msg="ok" path=/search req=r0001361 status=200 user=u0038 svc=search method=GET dur_ms=182
2026-03-15T00:03:47.431Z [INFO] method=GET msg="served from cache" user=u0028 path=/products svc=api dur_ms=32 req=r0000993 status=200
2026-03-15T01:03:37.286Z [INFO] path=/orders req=r0001175 dur_ms=143 msg="served from cache" svc=api user=u0032 status=200 method=GET
2026-03-15T06:36:03.903+05:30 [INFO] path=/search user=u0028 svc=search status=200 msg="no changes" dur_ms=228 req=r0001003 method=GET
2026-03-15T02:08:26.914+01:00 [INFO] status=200 svc=search dur_ms=21 path=/suggest msg="served from cache" req=r0001004 user=u0028 method=GET
2026-03-15T01:10:35.932Z [INFO] user=u0032 method=GET path=/suggest svc=search req=r0001176 status=200 dur_ms=14 msg="no changes"
2026-03-15T01:11:05.183Z [ERROR] path=/products msg="failed to parse \"response\" body" user=u0032 method=GET svc=api req=r0001177 dur_ms=130 status=503
2026-03-15T02:11:27.657+01:00 [ERROR] path=/orders msg="failed to parse \"response\" body" user=u0028 req=r0001005 svc=api status=502 method=GET dur_ms=342
    at com.example.Client.run(B.java:144)
    at com.example.Handler.run(A.java:335)
    at com.example.Handler.run(B.java:21)
2026-03-15T01:14:05.245Z [INFO] dur_ms=78 path=/orders msg="no changes" method=GET user=u0023 status=200 svc=api req=r0000803
2026-03-15T01:16:29.022Z [INFO] svc=api msg="no changes" dur_ms=147 status=200 method=GET path=/cart user=u0028 req=r0001006
2026-03-15T02:19:16.816+01:00 [INFO] user=u0032 msg="served from cache" dur_ms=38 method=GET path=/orders req=r0001178 status=200 svc=api
2026-03-15T03:21:26.599+02:00 [INFO] status=200 req=r0001007 user=u0028 svc=billing msg="no changes" path=/invoices dur_ms=99 method=GET
2026-03-15T01:22:51.217Z [INFO] path=/cart user=u0023 req=r0000804 method=POST msg="no changes" status=200 svc=api dur_ms=119
2026-03-15T01:23:39.155Z [INFO] method=GET user=u0032 req=r0001179 path=/products status=200 msg="completed" dur_ms=86 svc=api
2026-03-15T01:28:38.614Z [INFO] msg="served from cache" method=GET status=200 user=u0028 dur_ms=35 req=r0001008 svc=media path=/thumb
2026-03-15T01:28:56.257Z [WARN] user=u0023 req=r0000805 status=400 svc=api dur_ms=60 msg="rate limited" path=/products method=GET
2026-03-15T01:29:43.292Z [INFO] dur_ms=203 status=200 svc=auth user=u0002 path=/login msg="accepted" method=POST req=r0000076
2026-03-15T01:30:45.421Z [INFO] user=u0002 svc=api dur_ms=124 req=r0000077 method=POST status=200 path=/cart msg="completed"
2026-03-15T01:31:33.289Z [INFO] dur_ms=79 user=u0032 msg="served from cache" method=GET svc=media req=r0001180 path=/thumb status=200
2026-03-15T01:31:53.642Z [INFO] user=u0028 method=GET msg="completed" svc=media req=r0001009 path=/thumb dur_ms=44 status=200
2026-03-14T20:33:32.774-05:00 [INFO] dur_ms=34 status=200 svc=api method=GET path=/products req=r0000806 user=u0023 msg="served from cache"
2026-03-15T02:36:09.082+01:00 [INFO] user=u0032 method=GET svc=search req=r0001181 msg="no changes" status=200 dur_ms=394 path=/search
2026-03-15T02:36:20.633+01:00 [INFO] svc=search msg="no changes" path=/suggest user=u0028 status=200 dur_ms=35 req=r0001010 method=GET
2026-03-15T01:37:52.675Z [INFO] method=POST dur_ms=625 svc=billing msg="served from cache" status=201 req=r0000078 user=u0002 path=/payments
2026-03-15T02:39:03.572+01:00 [ERROR] path=/cart req=r0000911 dur_ms=352 svc=api method=POST user=u0025 msg="database unavailable" status=503
2026-03-15T01:40:05.606Z [WARN] method=GET dur_ms=159 status=429 msg="invalid parameter" path=/orders user=u0023 svc=api req=r0000807
2026-03-15T01:40:46.160Z [INFO] path=/orders status=200 dur_ms=135 user=u0025 msg="completed" svc=api method=GET req=r0000912
2026-03-15T01:41:04.904Z [INFO] path=/upload svc=media msg="completed" method=POST req=r0000079 user=u0002 status=200 dur_ms=724
2026-03-15T01:41:18.020Z [INFO] req=r0001011 svc=search dur_ms=167 path=/suggest user=u0028 status=200 msg="completed" method=GET
2026-03-15T04:38:14.672+05:30 [INFO] user=u0026 msg="ok" svc=search method=GET status=200 path=/search dur_ms=177 req=r0000936
2026-03-15T01:45:28.269Z [INFO] dur_ms=48 status=201 user=u0032 req=r0001182 method=POST svc=api path=/cart msg="no changes"
2026-03-15T02:48:49.397+01:00 [INFO] user=u0028 method=GET msg="completed" svc=api status=200 dur_ms=39 path=/products req=r0001012
2026-03-14T20:50:49.913-05:00 [INFO] method=POST msg="accepted" status=201 req=r0000081 user=u0002 dur_ms=61 path=/token/refresh svc=auth
2026-03-15T01:53:02.164Z [INFO] path=/orders user=u0002 svc=api msg="no changes" status=200 req=r0000082 dur_ms=149 method=GET
2026-03-15T01:53:38.272Z [INFO] msg="no changes" req=r0001183 user=u0032 dur_ms=181 path=/search status=200 svc=search method=GET
2026-03-14T20:56:22.371-05:00 [INFO] msg="ok" user=u0028 req=r0001013 dur_ms=42 method=GET svc=search path=/suggest status=200
2026-03-15T02:05:54.226Z [INFO] user=u0028 method=GET msg="accepted" status=200 req=r0001014 dur_ms=53 svc=api path=/cart
2026-03-15T10:00:49.536+05:30 [INFO] msg="completed" status=200 method=GET dur_ms=53 path=/cart req=r0001201 svc=api user=u0032
2026-03-14T21:14:47.490-05:00 [INFO] dur_ms=161 req=r0001016 status=200 svc=media method=GET path=/thumb msg="completed" user=u0028
2026-03-15T07:48:26.741+05:30 [INFO] dur_ms=72 method=POST status=201 req=r0001017 svc=api user=u0028 path=/cart msg="ok"
2026-03-15T02:19:45.028Z [INFO] req=r0001110 path=/checkout dur_ms=211 svc=billing status=200 user=u0031 msg="served from cache" method=POST
2026-03-15T02:21:06.088Z [INFO] status=201 svc=auth req=r0001018 user=u0028 msg="no changes" method=POST path=/token/refresh dur_ms=66
2026-03-15T04:53:55.469+02:00 [INFO] msg="accepted" method=GET status=200 req=r0001117 user=u0031 path=/thumb svc=media dur_ms=156
2026-03-14T21:21:34.359-05:00 [INFO] msg="accepted" user=u0031 path=/orders status=200 dur_ms=53 method=GET svc=api req=r0001111
2026-03-14T13:14:19.909Z [INFO] path=/search user=u0004 status=200 msg="accepted" dur_ms=271 req=r0000144 svc=search method=GET
2026-03-15T03:26:14.703+01:00 [INFO] req=r0001112 dur_ms=169 svc=api user=u0031 method=POST path=/cart msg="ok" status=200
2026-03-15T03:26:40.573+01:00 [INFO] path=/suggest svc=search user=u0028 method=GET msg="served from cache" req=r0001020 status=200 dur_ms=23
2026-03-15T02:26:41.134Z [INFO] msg="served from cache" dur_ms=83 status=200 svc=api method=GET path=/products user=u0026 req=r0000948
2026-03-15T02:28:44.669Z [INFO] req=r0000949 user=u0026 path=/search dur_ms=184 method=GET msg="completed" svc=search status=200
2026-03-15T02:31:02.600Z [INFO] path=/orders msg="completed" dur_ms=50 method=GET status=200 user=u0007 req=r0000276 svc=api
2026-03-15T02:31:08.640Z [INFO] svc=api dur_ms=121 req=r0001021 status=200 user=u0028 msg="accepted" path=/cart method=POST
2026-03-15T03:11:37.879Z [INFO] svc=billing path=/payments dur_ms=609 req=r0000084 method=POST msg="no changes" user=u0002 status=200
2026-03-15T02:33:24.734Z [INFO] status=200 msg="ok" svc=api dur_ms=25 method=GET path=/cart user=u0028 req=r0001023
2026-03-15T00:55:19.164Z [INFO] req=r0001360 method=GET dur_ms=40 user=u0038 status=200 msg="served from cache" svc=search path=/suggest
2026-03-15T02:33:53.617Z [INFO] method=GET msg="no changes" user=u0006 status=200 svc=api req=r0000205 path=/orders dur_ms=80
--- service restart ---
2026-03-15T02:35:40.944Z [INFO] method=POST svc=api path=/cart msg="no changes" user=u0031 status=200 dur_ms=77 req=r0001113
2026-03-15T02:36:00.002Z [INFO] status=200 method=GET req=r0001114 msg="completed" path=/search svc=search user=u0031 dur_ms=153
2026-03-15T02:38:09.585Z [INFO] req=r0001025 dur_ms=84 svc=api path=/cart status=200 user=u0028 msg="completed" method=GET
2026-03-15T02:38:51.113Z [WARN] user=u0006 dur_ms=1286 status=400 svc=billing req=r0000206 method=POST path=/payments msg="client sent malformed \"payload\""
2026-03-15T04:41:17.410+02:00 [INFO] user=u0031 svc=auth msg="no changes" status=201 req=r0001115 method=POST dur_ms=76 path=/login
2026-03-15T02:42:15.699Z [INFO] msg="served from cache" svc=api method=POST user=u0006 dur_ms=178 req=r0000207 status=200 path=/cart
2026-03-15T02:42:20.883Z [INFO] svc=api method=POST dur_ms=247 msg="completed" status=200 req=r0001026 path=/cart user=u0028
2026-03-14T21:45:24.834-05:00 [WARN] req=r0001362 dur_ms=554 svc=billing status=400 method=POST msg="client sent malformed \"payload\"" user=u0038 path=/checkout
2026-03-15T02:46:30.257Z [INFO] dur_ms=193 path=/login msg="ok" req=r0000208 user=u0006 method=POST svc=auth status=201
2026-03-15T02:47:00.988Z [INFO] svc=api msg="no changes" dur_ms=29 user=u0006 status=200 path=/products method=GET req=r0000209
2026-03-15T00:18:33.606Z [INFO] req=r0000199 status=201 msg="no changes" svc=auth user=u0006 path=/token/refresh method=POST dur_ms=38
2026-03-15T02:48:58.218Z [INFO] status=200 method=GET user=u0028 dur_ms=182 svc=api msg="accepted" path=/orders req=r0001027
2026-03-15T02:51:10.790Z [INFO] svc=auth req=r0000210 method=POST status=201 msg="no changes" dur_ms=23 user=u0006 path=/token/refresh
2026-03-15T02:51:31.791Z [INFO] method=GET msg="accepted" status=200 path=/cart dur_ms=55 req=r0001028 user=u0028 svc=api
2026-03-15T02:52:44.937Z [INFO] path=/products msg="accepted" status=200 req=r0001363 method=GET svc=api dur_ms=48 user=u0038
2026-03-15T04:34:25.695+01:00 [INFO] method=GET status=200 req=r0001190 svc=media dur_ms=97 msg="ok" user=u0032 path=/thumb
2026-03-15T04:54:53.376+02:00 [INFO] status=200 msg="accepted" path=/invoices method=GET user=u0031 svc=billing dur_ms=216 req=r0001118
2026-03-15T02:58:49.085Z [INFO] req=r0001184 user=u0032 path=/products msg="ok" method=GET dur_ms=44 status=200 svc=api
2026-03-15T02:59:25.250Z [INFO] msg="completed" status=200 req=r0001029 svc=billing user=u0028 dur_ms=145 method=GET path=/invoices
2026-03-15T03:02:08.459Z [INFO] req=r0001364 path=/cart dur_ms=82 svc=api status=201 method=POST user=u0038 msg="served from cache"
2026-03-15T05:04:58.113+02:00 [INFO] svc=auth status=200 msg="served from cache" method=POST user=u0002 path=/login dur_ms=79 req=r0000083
2026-03-15T04:05:10.228+01:00 [INFO] dur_ms=308 method=GET msg="served from cache" req=r0001185 user=u0032 path=/search svc=search status=200
2026-03-15T03:11:35.842Z [INFO] status=200 dur_ms=60 svc=api req=r0001365 msg="completed" path=/orders method=GET user=u0038
2026-03-15T02:31:31.296Z [INFO] method=GET path=/thumb svc=media user=u0028 req=r0001022 status=200 msg="no changes" dur_ms=46
2026-03-15T03:13:48.534Z [INFO] req=r0001186 svc=auth user=u0032 path=/login status=201 dur_ms=112 msg="accepted" method=POST
2026-03-15T05:17:28.685+02:00 [INFO] path=/products status=200 msg="no changes" method=GET req=r0000085 user=u0002 svc=api dur_ms=84
2026-03-15T03:18:05.750Z [INFO] dur_ms=58 path=/orders msg="accepted" req=r0001366 status=200 svc=api user=u0038 method=GET
2026-03-15T03:19:52.183Z [INFO] user=u0032 status=200 method=GET req=r0001187 dur_ms=87 svc=api path=/orders msg="accepted"
2026-03-15T03:20:58.277Z [ERROR] req=r0001367 path=/thumb user=u0038 dur_ms=1154 svc=media status=503 msg="upstream timeout after 3 retries" method=GET
2026-03-14T22:20:59.912-05:00 [ERROR] msg="connection reset by peer" method=GET user=u0038 path=/thumb dur_ms=69 req=r0001367 status=502 svc=media retry=1
    at com.example.Client.run(B.java:361)
    at com.example.Pool.run(A.java:395)
    at com.example.Pool.run(B.java:251)
2026-03-14T22:21:10.876-05:00 [INFO] path=/suggest status=200 method=GET user=u0038 dur_ms=29 svc=search req=r0001368 msg="completed"
2026-03-15T03:25:10.237Z [INFO] msg="ok" svc=api user=u0038 req=r0001369 dur_ms=64 path=/products status=304 method=GET
2026-03-15T03:26:48.701Z [INFO] user=u0032 path=/cart status=201 svc=api dur_ms=80 method=POST msg="ok" req=r0001188
2026-03-15T03:28:59.885Z [INFO] msg="no changes" svc=search path=/suggest user=u0032 method=GET status=200 dur_ms=12 req=r0001189
2026-03-15T03:30:49.209Z [INFO] req=r0001370 msg="completed" svc=api user=u0038 status=200 method=GET path=/products dur_ms=22
2026-03-15T03:21:27.884+01:00 [INFO] user=u0028 msg="ok" path=/login dur_ms=80 req=r0001019 status=201 method=POST svc=auth
2026-03-15T05:35:56.655+02:00 [INFO] method=GET user=u0038 path=/products svc=api status=200 dur_ms=67 req=r0001371 msg="no changes"
2026-03-15T03:39:02.604Z [INFO] status=304 path=/search msg="no changes" user=u0032 req=r0001191 dur_ms=222 method=GET svc=search
2026-03-15T03:43:37.779Z [INFO] method=GET user=u0032 status=200 svc=api dur_ms=234 req=r0001192 msg="accepted" path=/products
2026-03-15T05:45:48.523+02:00 [INFO] req=r0001372 user=u0038 status=200 method=POST svc=billing dur_ms=151 msg="no changes" path=/payments
2026-03-15T09:17:28.685+05:30 [INFO] path=/search req=r0000086 method=GET user=u0002 msg="served from cache" dur_ms=132 svc=search status=200
2026-03-15T03:52:23.729Z [INFO] svc=billing method=POST path=/payments req=r0001193 user=u0032 dur_ms=1699 status=200 msg="no changes"
2026-03-15T03:55:55.182Z [INFO] svc=billing status=201 path=/checkout msg="served from cache" user=u0002 req=r0000087 dur_ms=291 method=POST
2026-03-15T05:57:17.788+02:00 [INFO] svc=api path=/cart status=200 req=r0001194 msg="ok" dur_ms=82 method=GET user=u0032
2026-03-15T03:59:30.820Z [INFO] method=POST req=r0001195 status=200 user=u0032 svc=billing dur_ms=731 msg="no changes" path=/checkout
2026-03-15T06:02:15.890+02:00 [INFO] msg="accepted" status=200 req=r0000088 dur_ms=7 svc=search user=u0002 path=/suggest method=GET
2026-03-15T04:02:46.163Z [INFO] svc=search user=u0032 req=r0001196 msg="no changes" dur_ms=12 method=GET path=/suggest status=200
2026-03-15T04:05:37.986Z [INFO] user=u0032 method=GET svc=api path=/cart msg="ok" dur_ms=28 status=200 req=r0001197
2026-03-15T04:07:04.066Z [INFO] msg="ok" status=200 svc=search method=GET path=/search dur_ms=222 req=r0000089 user=u0002
2026-03-15T04:11:52.247Z [INFO] msg="no changes" method=GET status=200 path=/products dur_ms=182 svc=api user=u0032 req=r0001198
2026-03-15T04:11:56.229Z [INFO] path=/cart msg="served from cache" svc=api user=u0002 req=r0000090 method=POST dur_ms=111 status=201
2026-03-15T04:14:51.122Z [INFO] msg="completed" dur_ms=35 user=u0002 req=r0000091 path=/products status=200 svc=api method=GET
2026-03-15T11:36:06.625+02:00 [INFO] user=u0006 path=/suggest status=304 msg="accepted" dur_ms=22 svc=search req=r0000238 method=GET
2026-03-15T05:23:01.446+01:00 [INFO] req=r0000092 msg="served from cache" status=200 path=/cart svc=api user=u0002 method=GET dur_ms=88
2026-03-14T23:23:45.804-05:00 [INFO] status=200 user=u0032 svc=api msg="completed" req=r0001200 dur_ms=29 path=/products method=GET
2026-03-15T04:26:46.480Z [WARN] msg="invalid parameter" user=u0002 status=400 path=/orders method=GET svc=api dur_ms=129 req=r0000093
2026-03-14T21:08:25.378-05:00 [INFO] method=POST dur_ms=81 user=u0028 svc=api req=r0001015 msg="served from cache" status=201 path=/cart
2026-03-15T10:06:27.616+05:30 [INFO] method=GET svc=search req=r0000094 path=/suggest dur_ms=37 status=200 msg="accepted" user=u0002
2026-03-15T05:44:11.934+01:00 [INFO] req=r0000095 path=/cart msg="accepted" method=POST dur_ms=68 svc=api status=200 user=u0002
2026-03-14T23:46:30.619-05:00 [INFO] svc=api user=u0006 msg="served from cache" status=200 req=r0000211 dur_ms=127 path=/orders method=GET
2026-03-15T04:49:15.865Z [INFO] msg="accepted" method=POST dur_ms=48 path=/token/refresh svc=auth user=u0031 status=201 req=r0001119
2026-03-14T23:50:05.035-05:00 [ERROR] svc=media dur_ms=163 path=/thumb user=u0006 status=500 req=r0000212 method=GET msg="upstream timeout after 3 retries"
2026-03-15T04:51:28.714Z [INFO] req=r0001120 msg="accepted" path=/login status=201 dur_ms=95 svc=auth method=POST user=u0031
2026-03-15T05:52:35.122+01:00 [ERROR] method=GET msg="upstream timeout after 3 retries" path=/products req=r0001121 svc=api user=u0031 dur_ms=194 status=503
2026-03-15T04:58:07.408Z [WARN] method=GET msg="invalid parameter" user=u0031 svc=api req=r0001122 path=/cart dur_ms=34 status=400
2026-03-15T05:43:20.420Z [WARN] status=404 req=r0000102 method=GET svc=media dur_ms=114 user=u0002 path=/thumb msg="resource not found"
2026-03-15T05:07:57.135Z [INFO] user=u0031 status=304 req=r0001124 msg="completed" svc=api path=/orders dur_ms=60 method=GET
2026-03-15T05:14:11.934Z [INFO] svc=api user=u0002 path=/products msg="no changes" dur_ms=63 req=r0000096 status=200 method=GET
2026-03-15T05:14:36.866Z [INFO] path=/suggest status=200 method=GET svc=search user=u0031 msg="completed" req=r0001125 dur_ms=29
2026-03-15T05:16:05.810Z [INFO] path=/token/refresh req=r0000097 msg="no changes" user=u0002 status=201 method=POST svc=auth dur_ms=37
2026-03-15T05:19:55.731Z [INFO] path=/cart method=GET user=u0002 dur_ms=132 svc=api req=r0000098 status=200 msg="ok"
2026-03-15T03:28:59.885Z [INFO] msg="no changes" svc=search path=/suggest user=u0032 method=GET status=200 dur_ms=12 req=r0001189
2026-03-15T07:20:05.035+02:00 [INFO] dur_ms=25 svc=auth method=GET path=/users/me req=r0000213 user=u0006 msg="accepted" status=200
2026-03-15T05:22:52.430Z [INFO] method=GET dur_ms=31 req=r0001126 status=200 svc=api path=/products msg="no changes" user=u0031
2026-03-14T23:39:24.653+01:00 [INFO] dur_ms=79 path=/orders status=200 svc=api msg="ok" method=GET req=r0000929 user=u0026
2026-03-15T05:25:28.500Z [INFO] msg="accepted" user=u0006 dur_ms=35 svc=api status=200 method=GET req=r0000214 path=/cart
2026-03-15T06:27:55.194+01:00 [INFO] path=/products req=r0000215 user=u0006 svc=api dur_ms=76 method=GET msg="served from cache" status=304
2026-03-15T06:28:02.985+01:00 [INFO] status=201 method=POST path=/login dur_ms=169 svc=auth msg="no changes" req=r0001127 user=u0031
2026-03-15T05:28:35.239Z [INFO] svc=auth dur_ms=58 user=u0002 method=GET status=200 path=/users/me req=r0000099 msg="completed"
2026-03-15T05:28:50.873Z [INFO] msg="no changes" path=/search status=200 method=GET dur_ms=86 req=r0001128 svc=search user=u0031
2026-03-15T10:59:48.943+05:30 [INFO] msg="accepted" user=u0002 method=GET svc=api status=200 req=r0000100 path=/products dur_ms=61
2026-03-15T05:30:48.075Z [INFO] req=r0000216 dur_ms=29 path=/orders svc=api status=200 msg="ok" method=GET user=u0006
2026-03-15T06:31:13.822+01:00 [INFO] svc=search path=/suggest method=GET req=r0001129 dur_ms=24 user=u0031 status=200 msg="served from cache"
2026-03-15T05:33:27.708Z [INFO] req=r0000101 status=200 svc=billing dur_ms=174 user=u0002 method=GET msg="served from cache" path=/invoices
2026-03-15T07:36:01.626+02:00 [INFO] method=GET dur_ms=222 user=u0006 status=200 msg="accepted" svc=search path=/search req=r0000217
2026-03-15T05:36:35.987Z [INFO] method=POST path=/payments req=r0000218 user=u0006 dur_ms=283 svc=billing status=200 msg="served from cache"
2026-03-15T06:39:39.739+01:00 [INFO] user=u0031 req=r0001130 dur_ms=96 svc=api path=/cart method=POST status=200 msg="ok"
2026-03-15T05:41:58.231Z [INFO] status=200 path=/suggest svc=search user=u0006 dur_ms=26 msg="completed" req=r0000219 method=GET
2026-03-15T05:06:11.971Z [INFO] user=u0031 status=304 req=r0001123 dur_ms=141 msg="ok" path=/search svc=search method=GET
2026-03-15T06:44:06.088+01:00 [INFO] msg="no changes" status=200 user=u0006 path=/payments req=r0000220 method=POST dur_ms=765 svc=billing
2026-03-15T05:48:39.883Z [INFO] path=/login req=r0001131 dur_ms=259 user=u0031 msg="served from cache" svc=auth status=200 method=POST
2026-03-14T19:07:05.121Z [ERROR] user=u0018 svc=search path=/suggest status=500 method=GET req=r0000658 dur_ms=30 msg="upstream timeout after 3 retries"
2026-03-15T06:50:31.127+01:00 [INFO] req=r0000221 svc=auth user=u0006 dur_ms=52 status=200 msg="ok" path=/users/me method=GET
2026-03-15T06:00:30.140Z [WARN] msg="rate limited" user=u0006 dur_ms=68 svc=api status=404 path=/orders method=GET req=r0000222
2026-03-15T06:09:39.646Z [INFO] status=200 req=r0000223 method=POST dur_ms=141 svc=api path=/cart msg="no changes" user=u0006
2026-03-15T07:13:24.189+01:00 [INFO] svc=auth dur_ms=27 path=/token/refresh status=200 msg="ok" user=u0006 method=POST req=r0000224
2026-03-15T07:22:24.532+01:00 [INFO] dur_ms=66 user=u0006 svc=api method=GET status=200 path=/orders msg="completed" req=r0000225
2026-03-15T06:22:26.474Z [WARN] msg="rate limited" user=u0031 method=GET dur_ms=295 path=/search svc=search req=r0001132 status=429
2026-03-14T18:38:36.546+01:00 [INFO] status=200 method=GET req=r0000365 dur_ms=74 user=u0010 path=/products svc=api msg="completed"
2026-03-15T07:25:23.239+01:00 [INFO] msg="no changes" method=GET dur_ms=86 svc=api req=r0001133 user=u0031 path=/products status=304
2026-03-15T06:29:05.211Z [INFO] svc=auth method=GET path=/users/me msg="accepted" status=304 req=r0000226 user=u0006 dur_ms=58
2026-03-15T06:30:06.468Z [INFO] dur_ms=22 user=u0006 msg="no changes" req=r0000227 status=200 method=GET path=/suggest svc=search
2026-03-15T06:35:14.260Z [WARN] svc=auth status=400 req=r0001134 user=u0031 msg="rate limited" dur_ms=31 path=/users/me method=GET
2026-03-15T07:35:38.182+01:00 [INFO] method=GET path=/suggest dur_ms=43 req=r0000228 status=304 msg="accepted" user=u0006 svc=search
2026-03-15T06:39:22.924Z [INFO] req=r0000229 status=200 dur_ms=44 user=u0006 path=/suggest msg="accepted" svc=search method=GET
2026-03-15T06:45:12.557Z [ERROR] req=r0001135 dur_ms=101 msg="upstream timeout after 3 retries" method=GET path=/users/me svc=auth user=u0031 status=503
    at com.example.Handler.run(B.java:219)
    at com.example.Pool.run(B.java:197)
    at com.example.Client.run(A.java:305)
2026-03-15T06:50:15.242Z [INFO] svc=api user=u0031 msg="ok" status=304 dur_ms=67 req=r0001136 method=GET path=/products
2026-03-15T01:52:55.961-05:00 [INFO] status=200 req=r0001137 path=/checkout msg="completed" user=u0031 method=POST dur_ms=760 svc=billing
2026-03-15T07:53:11.995+01:00 [INFO] method=GET req=r0001138 path=/search msg="no changes" svc=search status=200 user=u0031 dur_ms=160
2026-03-15T01:55:03.615-05:00 [INFO] user=u0031 msg="accepted" path=/products svc=api dur_ms=117 method=GET status=200 req=r0001139
2026-03-15T06:57:15.201Z [INFO] status=200 msg="no changes" method=GET user=u0031 path=/orders svc=api dur_ms=65 req=r0001140
2026-03-15T06:59:02.936Z [INFO] method=GET dur_ms=60 user=u0031 req=r0001141 svc=media path=/thumb status=200 msg="accepted"
2026-03-15T07:03:59.393Z [INFO] msg="no changes" method=GET dur_ms=121 user=u0031 path=/orders status=200 req=r0001142 svc=api
2026-03-15T07:07:41.683Z [INFO] path=/cart req=r0001143 dur_ms=139 status=200 svc=api method=POST msg="served from cache" user=u0031
2026-03-15T04:16:29.541Z [INFO] status=200 user=u0032 msg="no changes" svc=api req=r0001199 method=GET dur_ms=101 path=/orders
2026-03-15T07:10:22.233Z [INFO] req=r0001144 dur_ms=87 method=GET status=200 msg="accepted" path=/products svc=api user=u0031
2026-03-15T07:11:55.878Z [ERROR] user=u0031 req=r0001145 svc=auth method=GET status=503 path=/users/me dur_ms=72 msg="database unavailable"
2026-03-15T00:27:55.382Z [INFO] req=r0000997 method=POST user=u0028 msg="accepted" dur_ms=464 status=201 svc=billing path=/payments
2026-03-15T08:11:59.353+01:00 [INFO] svc=auth dur_ms=36 path=/users/me method=GET retry=2 msg="no changes" req=r0001145 user=u0031 status=200
2026-03-15T09:14:57.348+02:00 [INFO] method=POST msg="completed" user=u0006 svc=api req=r0000231 status=200 path=/cart dur_ms=95
2026-03-15T07:18:58.825Z [INFO] status=200 user=u0006 method=GET path=/search msg="completed" svc=search req=r0000232 dur_ms=178
2026-03-15T07:23:42.232Z [INFO] user=u0006 status=200 svc=media dur_ms=1841 msg="served from cache" path=/upload req=r0000233 method=POST
2026-03-15T07:30:00.443Z [INFO] status=200 req=r0000234 user=u0006 method=GET svc=search path=/search dur_ms=306 msg="ok"
2026-03-15T07:37:35.841Z [INFO] user=u0006 dur_ms=77 svc=api req=r0000235 msg="accepted" path=/orders method=GET status=200
2026-03-15T07:41:55.878Z [INFO] msg="accepted" path=/upload user=u0031 method=POST status=201 req=r0001146 dur_ms=748 svc=media
2026-03-15T07:44:50.462Z [INFO] user=u0006 status=200 req=r0000236 msg="completed" method=GET svc=api path=/cart dur_ms=91
2026-03-15T07:48:03.487Z [INFO] method=POST dur_ms=38 req=r0001147 user=u0031 svc=auth msg="completed" status=200 path=/token/refresh
2026-03-15T04:27:15.272-05:00 [INFO] path=/suggest status=200 method=GET dur_ms=26 svc=search msg="accepted" user=u0006 req=r0000237
2026-03-15T07:09:22.924Z [INFO] dur_ms=39 user=u0006 path=/token/refresh svc=auth status=200 req=r0000230 msg="accepted" method=POST
